"rel_path","folder","filename","conformance","status","error","size_mb","modified","mat_format","read_method","n_vars","vars","data_var","n_rows","n_cols","matrix_class","matrix_mb","inferred_version","file_version","effective_version","expected_cols","cols_ok","version_conflict","has_timestamps","ts_len","has_variablenames","variable_names","has_ampsettings","ampsettings_kb","has_metadata","has_machinename","n_meta_fields","missing_fields","extra_fields","rate_hz","dyno_gain","read_secs","m_SampleName","m_OpType","m_Operation","m_OperationType","m_TriggerTime","m_Rate","m_CutDiameter","m_SurfaceSpeed","m_MaxRPM","m_Notes","m_Feed","m_DepthOfCut","m_Insert","m_EdgeID","m_Machine","m_Tool","m_New_Edge","m_Swarf","m_SwarfID","m_Coolant","m_fileVersion","m_Dyno","m_Stream1","conformance_v2"
"10. FRF Matrix + Extra\3. Data\10-AA-MF-2023-3-31-F23-30MPM_0.1feed_0.2DoC.mat","10. FRF Matrix + Extra\3. Data","10-AA-MF-2023-3-31-F23-30MPM_0.1feed_0.2DoC.mat","A - current","ok","","200.357448","2025-04-17 11:24:35","v6/v7","whos -file","4","AmpSettings|DATA|VariableNames|metadata","DATA","3210240","10","double","256.8192","0.1","1","1","10","1","0","0","NaN","1","Time|Fx1|Fx2|Fy1|Fy2|Fz1|Fz2|Fz3|Fz4|Tacho (ai0)","1","113.382","1","0","23","","","25600","450","12.5439102","10-AA-MF-2023-3-31","VC","Turning","Facing","2024-12-11T11:06:50.000Z","25600","80","30","2000","","0.1","0.2","CNMG120408-SM H13A","","NLX-2500 | 700","QS-PCLNL 2525-12C","false","false","false","0","1","struct{Devices,Gain}","struct{Device,DeviceIndex,Channels,MeasurementType,RateLim,VariableName}","A - current"
"10. FRF Matrix + Extra\3. Data\10-AA-MF-2023-3-31-F24-30MPM_0.05feed_0.05DoC.mat","10. FRF Matrix + Extra\3. Data","10-AA-MF-2023-3-31-F24-30MPM_0.05feed_0.05DoC.mat","A - current","ok","","368.173374","2025-04-17 11:24:35","v6/v7","whos -file","4","AmpSettings|DATA|VariableNames|metadata","DATA","5849600","10","double","467.968","0.1","1","1","10","1","0","0","NaN","1","Time|Fx1|Fx2|Fy1|Fy2|Fz1|Fz2|Fz3|Fz4|Tacho (ai0)","1","113.382","1","0","23","","","25600","450","18.5674665","10-AA-MF-2023-3-31","VC","Turning","Facing","2024-12-11T11:15:08.690Z","25600","80","30","2000","","0.05","0.05","CNMG120408-SM H13A","","NLX-2500 | 700","QS-PCLNL 2525-12C","false","false","false","0","1","struct{Devices,Gain}","struct{Device,DeviceIndex,Channels,MeasurementType,RateLim,VariableName}","A - current"
"10. FRF Matrix + Extra\3. Data\10-AA-MF-2023-3-31-F25-30MPM_0.05feed_0.05DoC.mat","10. FRF Matrix + Extra\3. Data","10-AA-MF-2023-3-31-F25-30MPM_0.05feed_0.05DoC.mat","A - current","ok","","369.529877","2025-04-17 11:24:35","v6/v7","whos -file","4","AmpSettings|DATA|VariableNames|metadata","DATA","5864960","10","double","469.1968","0.1","1","1","10","1","0","0","NaN","1","Time|Fx1|Fx2|Fy1|Fy2|Fz1|Fz2|Fz3|Fz4|Tacho (ai0)","1","113.382","1","0","23","","","25600","450","27.5300865","10-AA-MF-2023-3-31","VC","Turning","Facing","2024-12-11T11:28:40.072Z","25600","80","30","2000","","0.05","0.05","DCMW11T304F--1 PCD20","","NLX-2500 | 700","DDJCL2525X11JETI","false","false","false","0","1","struct{Devices,Gain}","struct{Device,DeviceIndex,Channels,MeasurementType,RateLim,VariableName}","A - current"
"10. FRF Matrix + Extra\3. Data\10-AA-MF-2023-3-31-F26-100MPM_0.05feed_0.05DoC.mat","10. FRF Matrix + Extra\3. Data","10-AA-MF-2023-3-31-F26-100MPM_0.05feed_0.05DoC.mat","A - current","ok","","138.457827","2025-04-17 11:24:35","v6/v7","whos -file","4","AmpSettings|DATA|VariableNames|metadata","DATA","2191360","10","double","175.3088","0.1","1","1","10","1","0","0","NaN","1","Time|Fx1|Fx2|Fy1|Fy2|Fz1|Fz2|Fz3|Fz4|Tacho (ai0)","1","113.382","1","0","23","","","25600","20","2.2029674","10-AA-MF-2023-3-31","VC","Turning","Facing","2024-12-11T11:40:32.057Z","25600","80","100","2000","","0.05","0.05","DCMW11T304F-1 PCD20","","NLX-2500 | 700","DDJCL2525X11JETI","false","false","false","0","1","struct{Devices,Gain}","struct{Device,DeviceIndex,Channels,MeasurementType,RateLim,VariableName}","A - current"
"10. FRF Matrix + Extra\3. Data\ITP Samples\101-AA-MF-2024-11-1\101-AA-MF-2024-11-1-F2-30MPM_0.1feed_0.1DoC.mat","10. FRF Matrix + Extra\3. Data\ITP Samples\101-AA-MF-2024-11-1","101-AA-MF-2024-11-1-F2-30MPM_0.1feed_0.1DoC.mat","A - current","ok","","198.538162","2024-12-11 22:40:45","v6/v7","whos -file","4","AmpSettings|DATA|VariableNames|metadata","DATA","3125760","10","double","250.0608","0.1","1","1","10","1","0","0","NaN","1","Time|Fx1|Fx2|Fy1|Fy2|Fz1|Fz2|Fz3|Fz4|Tacho (ai0)","1","113.382","1","0","23","","","25600","45","5.8819671","101-AA-MF-2024-11-1","","Turning","Facing","2024-12-11T13:14:28.238Z","25600","80","30","1000","","0.1","0.1","DNMG150604-MF1 TS2000 (A41)","d53c0e4f","NLX-2500 | 700","DDJNL2525X15JETI","false","false","false","0","1","struct{Devices,Gain}","struct{Device,DeviceIndex,Channels,MeasurementType,RateLim,VariableName}","A - current"
"10. FRF Matrix + Extra\3. Data\ITP Samples\101-AA-MF-2024-11-1\101-AA-MF-2024-11-1-F3-30MPM_0.05feed_0.05DoC.mat","10. FRF Matrix + Extra\3. Data\ITP Samples\101-AA-MF-2024-11-1","101-AA-MF-2024-11-1-F3-30MPM_0.05feed_0.05DoC.mat","A - current","ok","","381.955894","2024-12-11 22:40:46","v6/v7","whos -file","4","AmpSettings|DATA|VariableNames|metadata","DATA","6010880","10","double","480.8704","0.1","1","1","10","1","0","0","NaN","1","Time|Fx1|Fx2|Fy1|Fy2|Fz1|Fz2|Fz3|Fz4|Tacho (ai0)","1","113.382","1","0","23","","","25600","45","19.3643567","101-AA-MF-2024-11-1","","Turning","Facing","2024-12-11T13:18:54.910Z","25600","80","30","1000","","0.1","0.1","DNMG150604-MF1 TS2000 (A41)","d53c0e4f","NLX-2500 | 700","DDJNL2525X15JETI","false","false","false","0","1","struct{Devices,Gain}","struct{Device,DeviceIndex,Channels,MeasurementType,RateLim,VariableName}","A - current"
"10. FRF Matrix + Extra\3. Data\ITP Samples\101-AA-MF-2024-11-1\101-AA-MF-2024-11-1-F4-30MPM_0.05feed_0.05DoC.mat","10. FRF Matrix + Extra\3. Data\ITP Samples\101-AA-MF-2024-11-1","101-AA-MF-2024-11-1-F4-30MPM_0.05feed_0.05DoC.mat","A - current","ok","","370.09904","2024-12-11 13:37:19","v6/v7","whos -file","4","AmpSettings|DATA|VariableNames|metadata","DATA","5808640","10","double","464.6912","0.1","1","1","10","1","0","0","NaN","1","Time|Fx1|Fx2|Fy1|Fy2|Fz1|Fz2|Fz3|Fz4|Tacho (ai0)","1","113.382","1","0","23","","","25600","45","18.8403796","101-AA-MF-2024-11-1","","Turning","Facing","2024-12-11T13:31:46.630Z","25600","80","30","2000","Swapped to Seco PCD","0.05","0.05","DCMW11T304F-L1, PCD20","d53c0e4f","NLX-2500 | 700","DDJNL2525X15JETI","false","false","false","0","1","struct{Devices,Gain}","struct{Device,DeviceIndex,Channels,MeasurementType,RateLim,VariableName}","A - current"
"10. FRF Matrix + Extra\3. Data\ITP Samples\101-AA-MF-2024-11-1\101-AA-MF-2024-11-1-F5-100MPM_0.05feed_0.05DoC.mat","10. FRF Matrix + Extra\3. Data\ITP Samples\101-AA-MF-2024-11-1","101-AA-MF-2024-11-1-F5-100MPM_0.05feed_0.05DoC.mat","A - current","ok","","142.878293","2024-12-11 22:40:47","v6/v7","whos -file","4","AmpSettings|DATA|VariableNames|metadata","DATA","2245120","10","double","179.6096","0.1","1","1","10","1","0","0","NaN","1","Time|Fx1|Fx2|Fy1|Fy2|Fz1|Fz2|Fz3|Fz4|Tacho (ai0)","1","113.382","1","0","23","","","25600","45","8.2628579","101-AA-MF-2024-11-1","","Turning","Facing","2024-12-11T13:38:33.548Z","25600","80","30","2000","Swapped to Seco PCD","0.5","0.5","DCMW11T304F-L1, PCD20","d53c0e4f","NLX-2500 | 700","DDJNL2525X15JETI","false","false","false","0","1","struct{Devices,Gain}","struct{Device,DeviceIndex,Channels,MeasurementType,RateLim,VariableName}","A - current"
"10. FRF Matrix + Extra\3. Data\ITP Samples\97-AA-MF-2024-11-1\97-AA-MF-2024-10-30-F1-30MPM_0.1feed_0.1DoC.mat","10. FRF Matrix + Extra\3. Data\ITP Samples\97-AA-MF-2024-11-1","97-AA-MF-2024-10-30-F1-30MPM_0.1feed_0.1DoC.mat","A - current","ok","","206.071087","2024-12-05 21:02:20","v7.3 (HDF5)","matfile (partial)","4","AmpSettings|DATA|VariableNames|metadata","DATA","3138560","10","double","251.0848","0.1","1","1","10","1","0","0","NaN","1","Time|Fx|Fy|Fz|Fx1|Fx2|Fy1|Fy2|Fz1|Fz2","1","113.398","1","0","23","","","25600","10","17.106652","97-AA-MF-2024-10-30","VC","Turning","Facing","2024-12-04T13:01:50.343Z","25600","80","30","2000","Porous sample - tool info incorrect","0.1","0.1","CNMG 12 04 08-SM H13A","0791961d","NLX-2500 | 700","QS-PCLNL 2525-12C","false","false","false","0","1","struct{Devices,Gain}","struct{Device,DeviceIndex,Channels,MeasurementType,RateLim,VariableName}","X - DECLARED v1.0, WRONG COLUMNS"
"10. FRF Matrix + Extra\3. Data\ITP Samples\98-AA-MF-2024-11-1\98-AA-MF-2024-11-1-F1-30MPM_0.1feed_0.1DoC.mat","10. FRF Matrix + Extra\3. Data\ITP Samples\98-AA-MF-2024-11-1","98-AA-MF-2024-11-1-F1-30MPM_0.1feed_0.1DoC.mat","A - current","ok","","188.739237","2024-12-10 15:26:06","v6/v7","whos -file","4","AmpSettings|DATA|VariableNames|metadata","DATA","2990080","10","double","239.2064","0.1","1","1","10","1","0","0","NaN","1","Time|Fx1|Fx2|Fy1|Fy2|Fz1|Fz2|Fz3|Fz4|Tacho (ai0)","1","113.382","1","0","23","","","25600","25","54.2132464","98-AA-MF-2024-11-1","VC","Turning","Facing","2024-12-10T15:23:27.155Z","25600","80","30","2000","Getting closer to the","0.1","0.1","CNMG120408-SM H13A-MF1 TS2000 (A41)","","NLX-2500 | 700","QS-PCLNL 2525-12C","false","false","false","0","1","struct{Devices,Gain}","struct{Device,DeviceIndex,Channels,MeasurementType,RateLim,VariableName}","A - current"
"10. FRF Matrix + Extra\3. Data\ITP Samples\98-AA-MF-2024-11-1\98-AA-MF-2024-11-1-F3-30MPM_0.1feed_0.1DoC.mat","10. FRF Matrix + Extra\3. Data\ITP Samples\98-AA-MF-2024-11-1","98-AA-MF-2024-11-1-F3-30MPM_0.1feed_0.1DoC.mat","A - current","ok","","567.600456","2024-12-10 15:53:16","v6/v7","whos -file","4","AmpSettings|DATA|VariableNames|metadata","DATA","9630720","10","double","770.4576","0.1","1","1","10","1","0","0","NaN","1","Time|Fx1|Fx2|Fy1|Fy2|Fz1|Fz2|Fz3|Fz4|Tacho (ai0)","1","113.382","1","0","23","","","25600","100","41.7164358","98-AA-MF-2024-11-1","VC","Turning","Finishing","2024-12-10T15:46:32.371Z","25600","80","30","2000","Starting: 15.25 mm","0.1","0.2","CNMG120408-SM H13A","","NLX-2500 | 700","QS-PCLNL 2525-12C","false","false","false","0","1","struct{Devices,Gain}","struct{Device,DeviceIndex,Channels,MeasurementType,RateLim,VariableName}","A - current"
"10. FRF Matrix + Extra\3. Data\ITP Samples\98-AA-MF-2024-11-1\98-AA-MF-2024-11-1-F4-30MPM_0.1feed_0.1DoC.mat","10. FRF Matrix + Extra\3. Data\ITP Samples\98-AA-MF-2024-11-1","98-AA-MF-2024-11-1-F4-30MPM_0.1feed_0.1DoC.mat","A - current","ok","","1316.354939","2024-12-10 16:08:51","v6/v7","whos -file","4","AmpSettings|DATA|VariableNames|metadata","DATA","21050880","10","double","1684.0704","0.1","1","1","10","1","0","0","NaN","1","Time|Fx1|Fx2|Fy1|Fy2|Fz1|Fz2|Fz3|Fz4|Tacho (ai0)","1","113.382","1","0","23","","","25600","100","80.7911216","98-AA-MF-2024-11-1","VC","Turning","Finishing","2024-12-10T15:54:30.171Z","25600","80","30","2000","Starting: 14.65 mm Gain 35","0.1","0.2","CNMG120408-SM H13A","","NLX-2500 | 700","QS-PCLNL 2525-12C","false","false","false","0","1","struct{Devices,Gain}","struct{Device,DeviceIndex,Channels,MeasurementType,RateLim,VariableName}","A - current"
"10. FRF Matrix + Extra\3. Data\ITP Samples\98-AA-MF-2024-11-1\98-AA-MF-2024-11-1-F5-30MPM_0.1feed_0.1DoC.mat","10. FRF Matrix + Extra\3. Data\ITP Samples\98-AA-MF-2024-11-1","98-AA-MF-2024-11-1-F5-30MPM_0.1feed_0.1DoC.mat","A - current","ok","","249.228123","2024-12-11 11:09:24","v6/v7","whos -file","4","AmpSettings|DATA|VariableNames|metadata","DATA","3957760","10","double","316.6208","0.1","1","1","10","1","0","0","NaN","1","Time|Fx1|Fx2|Fy1|Fy2|Fz1|Fz2|Fz3|Fz4|Tacho (ai0)","1","113.382","1","0","23","","","25600","35","80.135513","98-AA-MF-2024-11-1","VC","Turning","Facing","2024-12-11T08:54:11.610Z","25600","80","30","1000","3 targets for tacho rpm","0.1","0.2","CNMG120408-SM H13A","","NLX-2500 | 700","QS-PCLNL 2525-12C","false","false","false","0","1","struct{Devices,Gain}","struct{Device,DeviceIndex,Channels,MeasurementType,RateLim,VariableName}","A - current"
"10. FRF Matrix + Extra\3. Data\ITP Samples\98-AA-MF-2024-11-1\98-AA-MF-2024-11-1-F6-30MPM_0.1feed_0.2DoC.mat","10. FRF Matrix + Extra\3. Data\ITP Samples\98-AA-MF-2024-11-1","98-AA-MF-2024-11-1-F6-30MPM_0.1feed_0.2DoC.mat","A - current","ok","","746.844438","2024-12-12 12:35:47","v6/v7","whos -file","4","AmpSettings|DATA|VariableNames|metadata","DATA","11921920","10","double","953.7536","0.1","1","1","10","1","0","0","NaN","1","Time|Fx1|Fx2|Fy1|Fy2|Fz1|Fz2|Fz3|Fz4|Tacho (ai0)","1","113.382","1","0","23","","","25600","35","23.3790366","98-AA-MF-2024-11-1","","Turning","Facing","2024-12-11T09:08:42.697Z","25600","80","30","2000","Range 350 N","0.1","0.1","CNMNG120408-SM H13A","","NLX-2500 | 700","QS-PCLNL 2525-12C","false","false","false","0","1","struct{Devices,Gain}","struct{Device,DeviceIndex,Channels,MeasurementType,RateLim,VariableName}","A - current"
"10. FRF Matrix + Extra\3. Data\ITP Samples\98-AA-MF-2024-11-1\98-AA-MF-2024-11-1-F7-30MPM_0.1feed_0.2DoC.mat","10. FRF Matrix + Extra\3. Data\ITP Samples\98-AA-MF-2024-11-1","98-AA-MF-2024-11-1-F7-30MPM_0.1feed_0.2DoC.mat","A - current","ok","","1186.326224","2024-12-11 09:35:55","v6/v7","whos -file","4","AmpSettings|DATA|VariableNames|metadata","DATA","19217920","10","double","1537.4336","0.1","1","1","10","1","0","0","NaN","1","Time|Fx1|Fx2|Fy1|Fy2|Fz1|Fz2|Fz3|Fz4|Tacho (ai0)","1","113.382","1","0","23","","","25600","35","92.4211225","98-AA-MF-2024-11-1","VC","Turning","Facing","2024-12-11T09:23:08.868Z","25600","80","30","2000","Range 350 N","0.1","0.2","CNMNG120408-SM H13A","","NLX-2500 | 700","QS-PCLNL 2525-12C","false","false","false","0","1","struct{Devices,Gain}","struct{Device,DeviceIndex,Channels,MeasurementType,RateLim,VariableName}","A - current"
"10. FRF Matrix + Extra\3. Data\ITP Samples\98-AA-MF-2024-11-1\98-AA-MF-2024-11-1-F8-30MPM_0.1feed_0.2DoC.mat","10. FRF Matrix + Extra\3. Data\ITP Samples\98-AA-MF-2024-11-1","98-AA-MF-2024-11-1-F8-30MPM_0.1feed_0.2DoC.mat","A - current","ok","","1919.238283","2024-12-11 10:08:13","v7.3 (HDF5)","matfile (partial)","4","AmpSettings|DATA|VariableNames|metadata","DATA","30016000","10","double","2401.28","0.1","1","1","10","1","0","0","NaN","1","Time|Fx1|Fx2|Fy1|Fy2|Fz1|Fz2|Fz3|Fz4|Tacho (ai0)","1","113.382","1","0","23","","","25600","45","146.7351533","98-AA-MF-2024-11-1","VC","Turning","Facing","2024-12-11T09:46:30.512Z","25600","80","30","2000","Starting at 11.2 mm thickness. Broke through in the end","0.1","0.2","CNMG120408-SM H13A","","NLX-2500 | 700","QS-PCLNL 2525-12C","false","false","false","0","1","struct{Devices,Gain}","struct{Device,DeviceIndex,Channels,MeasurementType,RateLim,VariableName}","A - current"
"10. FRF Matrix + Extra\3. Data\ITP Samples\98-AA-MF-2024-11-1\98-AA-MF-2024-11-1-R1-30MPM_0.15feed_0.3DoC.mat","10. FRF Matrix + Extra\3. Data\ITP Samples\98-AA-MF-2024-11-1","98-AA-MF-2024-11-1-R1-30MPM_0.15feed_0.3DoC.mat","A - current","ok","","110.559861","2024-12-10 15:00:56","v6/v7","whos -file","4","AmpSettings|DATA|VariableNames|metadata","DATA","1763840","10","double","141.1072","0.1","1","1","10","1","0","0","NaN","1","Time|Fx1|Fx2|Fy1|Fy2|Fz1|Fz2|Fz3|Fz4|Tacho (ai0)","1","113.382","1","0","23","","","25600","25","23.1032678","98-AA-MF-2024-11-1","VC","Turning","Facing","2024-12-10T14:41:40.965Z","25600","80","30","2000","Clean up","0.1","0.1","CNMG120408-SM H13A","1","NLX-2500 | 700","QS-PCLNL 2525-12C","true","false","false","0","1","struct{Devices,Gain}","struct{Device,DeviceIndex,Channels,MeasurementType,RateLim,VariableName}","A - current"
"10. FRF Matrix + Extra\3. Data\ITP Samples\98-AA-MF-2024-11-1\98-AA-MF-2024-11-1-R2-30MPM_0.15feed_0.3DoC.mat","10. FRF Matrix + Extra\3. Data\ITP Samples\98-AA-MF-2024-11-1","98-AA-MF-2024-11-1-R2-30MPM_0.15feed_0.3DoC.mat","A - current","ok","","105.365353","2024-12-10 15:00:43","v6/v7","whos -file","4","AmpSettings|DATA|VariableNames|metadata","DATA","2163200","10","double","173.056","0.1","1","1","10","1","0","0","NaN","1","Time|Fx1|Fx2|Fy1|Fy2|Fz1|Fz2|Fz3|Fz4|Tacho (ai0)","1","113.382","1","0","23","","","25600","25","2.3589751","98-AA-MF-2024-11-1","VC","Turning","Facing","2024-12-10T14:50:58.465Z","25600","80","30","1000","roughing","0.1","0.1","CNMG120408-SM H13A","1","NLX-2500 | 700","QS-PCLNL 2525-12C","false","false","false","0","1","struct{Devices,Gain}","struct{Device,DeviceIndex,Channels,MeasurementType,RateLim,VariableName}","A - current"
"10. FRF Matrix + Extra\3. Data\ITP Samples\98-AA-MF-2024-11-1\98-AA-MF-2024-11-1-R3-30MPM_0.15feed_0.3DoC.mat","10. FRF Matrix + Extra\3. Data\ITP Samples\98-AA-MF-2024-11-1","98-AA-MF-2024-11-1-R3-30MPM_0.15feed_0.3DoC.mat","A - current","ok","","109.719685","2024-12-10 15:03:24","v6/v7","whos -file","4","AmpSettings|DATA|VariableNames|metadata","DATA","1743360","10","double","139.4688","0.1","1","1","10","1","0","0","NaN","1","Time|Fx1|Fx2|Fy1|Fy2|Fz1|Fz2|Fz3|Fz4|Tacho (ai0)","1","113.382","1","0","23","","","25600","25","56.9998653","98-AA-MF-2024-11-1","VC","Turning","Roughing","2024-12-10T15:01:45.880Z","25600","80","30","2000","roughing","0.15","0.3","CNMG120408-SM H13A-MF1 TS2000 (A41)","1","NLX-2500 | 700","QS-PCLNL 2525-12C","false","false","false","0","1","struct{Devices,Gain}","struct{Device,DeviceIndex,Channels,MeasurementType,RateLim,VariableName}","A - current"
"10. FRF Matrix + Extra\3. Data\Josh Samples\112-AD-ME-2024-11-25-F10-30MPM_0.05feed_0.1DoC.mat","10. FRF Matrix + Extra\3. Data\Josh Samples","112-AD-ME-2024-11-25-F10-30MPM_0.05feed_0.1DoC.mat","A - current","ok","","376.66698","2024-12-10 09:01:20","v6/v7","whos -file","4","AmpSettings|DATA|VariableNames|metadata","DATA","5903360","10","double","472.2688","0.1","1","1","10","1","0","0","NaN","1","Time|Fx1|Fx2|Fy1|Fy2|Fz1|Fz2|Fz3|Fz4|Tacho (ai0)","1","113.382","1","0","23","","","25600","25","44.4328916","112-AD-ME-2024-12-4","VC","Turning","Facing","2024-12-10T08:56:39.049Z","25600","80","30","2000","250N range","0.05","0.1","DNMG150604-MF1 890 (A41)","668f936d","NLX-2500 | 700","DDJNL2525X15JETI","true","false","false","0","1","struct{Devices,Gain}","struct{Device,DeviceIndex,Channels,MeasurementType,RateLim,VariableName}","A - current"
"10. FRF Matrix + Extra\3. Data\Josh Samples\112-AD-ME-2024-11-25-F11-30MPM_0.05feed_0.05DoC.mat","10. FRF Matrix + Extra\3. Data\Josh Samples","112-AD-ME-2024-11-25-F11-30MPM_0.05feed_0.05DoC.mat","A - current","ok","","1239.831634","2024-12-10 09:44:57","v6/v7","whos -file","4","AmpSettings|DATA|VariableNames|metadata","DATA","19991040","10","double","1599.2832","0.1","1","1","10","1","0","0","NaN","1","Time|Fx1|Fx2|Fy1|Fy2|Fz1|Fz2|Fz3|Fz4|Tacho (ai0)","1","113.382","1","0","23","","","25600","25","82.6947699","112-AD-ME-2024-12-4","VC","Turning","Facing","2024-12-10T09:30:56.278Z","25600","80","30","2000","250N range","0.05","0.05","DCMW11T304F-L1 PCD20-MF1 TS2000 (A41)","1","NLX-2500 | 700","DDJCL2525X11JETI","true","false","false","0","1","struct{Devices,Gain}","struct{Device,DeviceIndex,Channels,MeasurementType,RateLim,VariableName}","A - current"
"10. FRF Matrix + Extra\3. Data\Josh Samples\112-AD-ME-2024-11-25-F12-30MPM_0.05feed_0.05DoC.mat","10. FRF Matrix + Extra\3. Data\Josh Samples","112-AD-ME-2024-11-25-F12-30MPM_0.05feed_0.05DoC.mat","A - current","ok","","380.247452","2024-12-10 13:42:01","v6/v7","whos -file","4","AmpSettings|DATA|VariableNames|metadata","DATA","5949440","10","double","475.9552","0.1","1","1","10","1","0","0","NaN","1","Time|Fx1|Fx2|Fy1|Fy2|Fz1|Fz2|Fz3|Fz4|Tacho (ai0)","1","113.382","1","0","23","","","25600","25","27.7064775","112-AD-ME-2024-12-4","VC","Turning","Facing","2024-12-10T13:37:36.173Z","25600","80","30","2000","250N range","0.05","0.05","DCMW11T304F-L1 PCD20-MF1 TS2000 (A41)","1","NLX-2500 | 700","DDJCL2525X11JETI","true","false","false","0","1","struct{Devices,Gain}","struct{Device,DeviceIndex,Channels,MeasurementType,RateLim,VariableName}","A - current"
"10. FRF Matrix + Extra\3. Data\Josh Samples\112-AD-ME-2024-11-25-F13-100MPM_0.05feed_0.05DoC.mat","10. FRF Matrix + Extra\3. Data\Josh Samples","112-AD-ME-2024-11-25-F13-100MPM_0.05feed_0.05DoC.mat","A - current","ok","","108.237883","2024-12-10 14:00:25","v6/v7","whos -file","4","AmpSettings|DATA|VariableNames|metadata","DATA","1689600","10","double","135.168","0.1","1","1","10","1","0","0","NaN","1","Time|Fx1|Fx2|Fy1|Fy2|Fz1|Fz2|Fz3|Fz4|Tacho (ai0)","1","113.382","1","0","23","","","25600","25","2.2250657","112-AD-ME-2024-12-4","VC","Turning","Facing","2024-12-10T13:57:33.267Z","25600","80","100","2000","250N range","0.05","0.05","DCMW11T304F-L1 PCD20-MF1 TS2000 (A41)","2","NLX-2500 | 700","DDJCL2525X11JETI","true","false","false","0","1","struct{Devices,Gain}","struct{Device,DeviceIndex,Channels,MeasurementType,RateLim,VariableName}","A - current"
"10. FRF Matrix + Extra\3. Data\Josh Samples\112-AD-ME-2024-11-25-F14-100MPM_0.05feed_0.05DoC.mat","10. FRF Matrix + Extra\3. Data\Josh Samples","112-AD-ME-2024-11-25-F14-100MPM_0.05feed_0.05DoC.mat","A - current","ok","","131.183583","2024-12-10 14:08:00","v6/v7","whos -file","4","AmpSettings|DATA|VariableNames|metadata","DATA","2027520","10","double","162.2016","0.1","1","1","10","1","0","0","NaN","1","Time|Fx1|Fx2|Fy1|Fy2|Fz1|Fz2|Fz3|Fz4|Tacho (ai0)","1","113.382","1","0","23","","","25600","25","54.1338839","112-AD-ME-2024-12-4","VC","Turning","Facing","2024-12-10T14:06:06.231Z","25600","80","100","2000","PCD 100m/min with Soundcam data","0.05","0.05","DCMW11T304F-L1 PCD20","3","NLX-2500 | 700","DDJCL2525X11JETI","true","false","false","0","1","struct{Devices,Gain}","struct{Device,DeviceIndex,Channels,MeasurementType,RateLim,VariableName}","A - current"
"10. FRF Matrix + Extra\3. Data\Josh Samples\112-AD-ME-2024-11-25-F15-60MPM_0.05feed_0.05DoC.mat","10. FRF Matrix + Extra\3. Data\Josh Samples","112-AD-ME-2024-11-25-F15-60MPM_0.05feed_0.05DoC.mat","A - current","ok","","189.035711","2024-12-10 14:15:38","v6/v7","whos -file","4","AmpSettings|DATA|VariableNames|metadata","DATA","2941440","10","double","235.3152","0.1","1","1","10","1","0","0","NaN","1","Time|Fx1|Fx2|Fy1|Fy2|Fz1|Fz2|Fz3|Fz4|Tacho (ai0)","1","113.382","1","0","23","","","25600","25","8.2941771","112-AD-ME-2024-12-4","VC","Turning","Facing","2024-12-10T14:13:12.989Z","25600","80","60","2000","PCD 60m/min with Soundcam data","0.05","0.05","DCMW11T304F-L1 PCD20","3","NLX-2500 | 700","DDJCL2525X11JETI","true","false","false","0","1","struct{Devices,Gain}","struct{Device,DeviceIndex,Channels,MeasurementType,RateLim,VariableName}","A - current"
"10. FRF Matrix + Extra\3. Data\Josh Samples\112-AD-ME-2024-11-25-F5-30MPM_0.1feed_0.1DoC.mat","10. FRF Matrix + Extra\3. Data\Josh Samples","112-AD-ME-2024-11-25-F5-30MPM_0.1feed_0.1DoC.mat","A - current","ok","","186.025378","2024-12-10 09:16:28","v6/v7","whos -file","4","AmpSettings|DATA|VariableNames|metadata","DATA","2913280","10","double","233.0624","0.1","1","1","10","1","0","0","NaN","1","Time|Fx1|Fx2|Fy1|Fy2|Fz1|Fz2|Fz3|Fz4|Tacho (ai0)","1","113.382","1","0","23","","","25600","25","7.8995379","112-AD-ME-2024-12-4","VC","Turning","Facing","2024-12-10T09:13:48.166Z","25600","80","30","2000","250N range","0.1","0.1","DNMG150604-MF1 TS2000 (A41)","3e07a330","NLX-2500 | 700","DDJNL2525X15JETI","true","false","false","0","1","struct{Devices,Gain}","struct{Device,DeviceIndex,Channels,MeasurementType,RateLim,VariableName}","A - current"
"10. FRF Matrix + Extra\3. Data\Josh Samples\112-AD-ME-2024-11-25-F6-30MPM_0.05feed_0.1DoC.mat","10. FRF Matrix + Extra\3. Data\Josh Samples","112-AD-ME-2024-11-25-F6-30MPM_0.05feed_0.1DoC.mat","A - current","ok","","390.811835","2024-12-10 09:09:24","v6/v7","whos -file","4","AmpSettings|DATA|VariableNames|metadata","DATA","6120960","10","double","489.6768","0.1","1","1","10","1","0","0","NaN","1","Time|Fx1|Fx2|Fy1|Fy2|Fz1|Fz2|Fz3|Fz4|Tacho (ai0)","1","113.382","1","0","23","","","25600","25","28.0104694","112-AD-ME-2024-12-4","VC","Turning","Facing","2024-12-10T09:03:56.570Z","25600","80","30","2000","250N range","0.05","0.1","DNMG150604-MF1 890 (A41)","668f936d","NLX-2500 | 700","DDJNL2525X15JETI","true","false","false","0","1","struct{Devices,Gain}","struct{Device,DeviceIndex,Channels,MeasurementType,RateLim,VariableName}","A - current"
"10. FRF Matrix + Extra\3. Data\Josh Samples\112-AD-ME-2024-11-25-F9-30MPM_0.1feed_0.1DoC_250N.mat","10. FRF Matrix + Extra\3. Data\Josh Samples","112-AD-ME-2024-11-25-F9-30MPM_0.1feed_0.1DoC_250N.mat","A - current","ok","","194.853271","2024-12-10 08:52:30","v6/v7","whos -file","4","AmpSettings|DATA|VariableNames|metadata","DATA","3056640","10","double","244.5312","0.1","1","1","10","1","0","0","NaN","1","Time|Fx1|Fx2|Fy1|Fy2|Fz1|Fz2|Fz3|Fz4|Tacho (ai0)","1","113.382","1","0","23","","","25600","25","44.3810156","112-AD-ME-2024-12-4","VC","Turning","Facing","2024-12-10T08:50:08.935Z","25600","80","30","2000","250N range","0.1","0.1","DNMG150604-MF1 890 (A41)","4abc7501","NLX-2500 | 700","DDJNL2525X15JETI","true","false","false","0","1","struct{Devices,Gain}","struct{Device,DeviceIndex,Channels,MeasurementType,RateLim,VariableName}","A - current"
"10. FRF Matrix + Extra\3. Data\Josh Samples\112-AD-ME-2024-11-25-F9-30MPM_0.1feed_0.1DoC_500N.mat","10. FRF Matrix + Extra\3. Data\Josh Samples","112-AD-ME-2024-11-25-F9-30MPM_0.1feed_0.1DoC_500N.mat","A - current","ok","","222.915856","2024-12-10 08:45:04","v6/v7","whos -file","4","AmpSettings|DATA|VariableNames|metadata","DATA","3512320","10","double","280.9856","0.1","1","1","10","1","0","0","NaN","1","Time|Fx1|Fx2|Fy1|Fy2|Fz1|Fz2|Fz3|Fz4|Tacho (ai0)","1","113.382","1","0","23","","","25600","50","5.7154383","112-AD-ME-2024-12-4","VC","Turning","Facing","2024-12-10T08:39:35.291Z","25600","80","30","2000","","0.1","0.1","DNMG150604-MF1 890 (A41)","4abc7501","NLX-2500 | 700","DDJNL2525X15JETI","true","false","false","0","1","struct{Devices,Gain}","struct{Device,DeviceIndex,Channels,MeasurementType,RateLim,VariableName}","A - current"
"11. LPC Trials (Dennis)\2. Data\Force\122-AA-MM-2025-6-2_Feed_0.1_DoC_0.1.mat","11. LPC Trials (Dennis)\2. Data\Force","122-AA-MM-2025-6-2_Feed_0.1_DoC_0.1.mat","A - current","ok","","5785.611364","2025-11-20 10:59:57","v7.3 (HDF5)","matfile (partial)","4","AmpSettings|DATA|VariableNames|metadata","DATA","89927680","10","double","7194.2144","0.1","1","1","10","1","0","0","NaN","1","Time|Fx1|Fx2|Fy1|Fy2|Fz1|Fz2|Fz3|Fz4|Tacho (ai0)","1","113.396","1","0","23","","","51200","1","60.9387913","122-AA-MM-2025-6-2","VC","Turning","Facing","2025-11-20T10:24:16.762Z","51200","565","60","500","Flood coolant","0.1","0.1","CNMG 12 04 08-SM H13A","H13A-#4-fB","C-62","QS-PCLNL 2525-12C","true","false","false","0","1","struct{Devices,Gain}","struct{Device,DeviceIndex,Channels,MeasurementType,RateLim,VariableName}","A - current"
"11. LPC Trials (Dennis)\2. Data\Force\122-AA-MM-2025-6-5-F11-30MPM_0.1feed_0.1DoC.mat","11. LPC Trials (Dennis)\2. Data\Force","122-AA-MM-2025-6-5-F11-30MPM_0.1feed_0.1DoC.mat","A - current","ok","","11838.406208","2025-11-20 15:36:08","v7.3 (HDF5)","matfile (partial)","4","AmpSettings|DATA|VariableNames|metadata","DATA","182922240","10","double","14633.7792","0.1","1","1","10","1","0","0","NaN","1","Time|Fx1|Fx2|Fy1|Fy2|Fz1|Fz2|Fz3|Fz4|Tacho (ai0)","1","113.396","1","0","23","","","51200","1","187.7403074","122-AA-MM-2025-6-2","VC","Turning","Finishing","2025-11-20T14:24:47.192Z","51200","565","30","500","","0.1","0.1","CNMG 12 04 08-SM H13A","H13A-#4-fD","C-62","QS-PCLNL 2525-12C","true","false","false","0","1","struct{Devices,Gain}","struct{Device,DeviceIndex,Channels,MeasurementType,RateLim,VariableName}","A - current"
"11. LPC Trials (Dennis)\2. Data\Force\122-AA-MM-2025-6-5-F2-30MPM_0.1feed_0.1DoC.mat","11. LPC Trials (Dennis)\2. Data\Force","122-AA-MM-2025-6-5-F2-30MPM_0.1feed_0.1DoC.mat","A - current","ok","","4545.261371","2025-11-18 15:00:39","v7.3 (HDF5)","matfile (partial)","4","AmpSettings|DATA|VariableNames|metadata","DATA","95080960","10","double","7606.4768","0.1","1","1","10","1","0","0","NaN","1","Time|Fx1|Fx2|Fy1|Fy2|Fz1|Fz2|Fz3|Fz4|Tacho (ai0)","1","113.404","1","0","23","","","25600","1","157.4940474","122-AA-MM-2025-6-2","VC","Turning","Roughing","2025-11-18T13:49:30.624Z","25600","565","30","500","No sound dampening. Optimised ranges. Hall effect.","0.1","0.1","CNMG 12 04 08-SM H13A","jhgs68d","NLX-2500 | 700","QS-PCLNL 2525-12C","true","false","false","0","1","struct{Devices,Gain}","struct{Device,DeviceIndex,Channels,MeasurementType,RateLim,VariableName}","A - current"
"11. LPC Trials (Dennis)\2. Data\Force\122-AA-MM-2025-6-5-F3-60MPM_0.1feed_0.1DoC.mat","11. LPC Trials (Dennis)\2. Data\Force","122-AA-MM-2025-6-5-F3-60MPM_0.1feed_0.1DoC.mat","A - current","ok","","5882.636433","2025-11-19 07:37:22","v7.3 (HDF5)","matfile (partial)","4","AmpSettings|DATA|VariableNames|metadata","DATA","91223040","10","double","7297.8432","0.1","1","1","10","1","0","0","NaN","1","Time|Fx1|Fx2|Fy1|Fy2|Fz1|Fz2|Fz3|Fz4|Tacho (ai0)","1","113.396","1","0","23","","","51200","1","170.4191959","122-AA-MM-2025-6-2","VC","Turning","Roughing","2025-11-18T15:29:02.660Z","51200","565","60","500","No sound isolation, only optimised ranges, not offsets. Hall effect","0.1","0.1","CNMG 12 04 08-SM H13A","kjkha7","C-62","QS-PCLNL 2525-12C","true","false","false","0","1","struct{Devices,Gain}","struct{Device,DeviceIndex,Channels,MeasurementType,RateLim,VariableName}","A - current"
"11. LPC Trials (Dennis)\2. Data\Force\122-AA-MM-2025-6-5-F4-60MPM_0.1feed_0.1DoC.mat","11. LPC Trials (Dennis)\2. Data\Force","122-AA-MM-2025-6-5-F4-60MPM_0.1feed_0.1DoC.mat","A - current","ok","","6027.068421","2025-11-19 08:10:10","v7.3 (HDF5)","matfile (partial)","4","AmpSettings|DATA|VariableNames|metadata","DATA","93752320","10","double","7500.1856","0.1","1","1","10","1","0","0","NaN","1","Time|Fx1|Fx2|Fy1|Fy2|Fz1|Fz2|Fz3|Fz4|Tacho (ai0)","1","113.396","1","0","23","","","51200","1","213.4841612","122-AA-MM-2025-6-2","VC","Turning","Roughing","2025-11-19T07:30:05.826Z","51200","565","60","500","NO sound deadening. Hallf effect tachometer. Optimised ranges.","0.1","0.1","CNMG 12 04 08-SM H13A","bdhas8","C-62","QS-PCLNL 2525-12C","true","false","false","0","1","struct{Devices,Gain}","struct{Device,DeviceIndex,Channels,MeasurementType,RateLim,VariableName}","A - current"
"11. LPC Trials (Dennis)\2. Data\Force\122-AA-MM-2025-6-5-F6-90MPM_0.1feed_0.1DoC.mat","11. LPC Trials (Dennis)\2. Data\Force","122-AA-MM-2025-6-5-F6-90MPM_0.1feed_0.1DoC.mat","A - current","ok","","3925.101293","2025-11-19 12:08:40","v7.3 (HDF5)","matfile (partial)","4","AmpSettings|DATA|VariableNames|metadata","DATA","60907520","10","double","4872.6016","0.1","1","1","10","1","0","0","NaN","1","Time|Fx1|Fx2|Fy1|Fy2|Fz1|Fz2|Fz3|Fz4|Tacho (ai0)","1","113.396","1","0","23","","","51200","1","91.8718645","122-AA-MM-2025-6-2","VC","Turning","Facing","2025-11-19T11:39:06.165Z","51200","565","90","500","","0.1","0.1","CNMG 12 04 08-SM H13A","dajhsv9","C-62","QS-PCLNL 2525-12C","true","true","true","0","1","struct{Devices,Gain}","struct{Device,DeviceIndex,Channels,MeasurementType,RateLim,VariableName}","A - current"
"11. LPC Trials (Dennis)\2. Data\Force\122-AA-MM-2025-6-5-F7-120MPM_0.1feed_0.1DoC.mat","11. LPC Trials (Dennis)\2. Data\Force","122-AA-MM-2025-6-5-F7-120MPM_0.1feed_0.1DoC.mat","A - current","ok","","3024.483204","2025-11-19 13:21:10","v7.3 (HDF5)","matfile (partial)","4","AmpSettings|DATA|VariableNames|metadata","DATA","46699520","10","double","3735.9616","0.1","1","1","10","1","0","0","NaN","1","Time|Fx1|Fx2|Fy1|Fy2|Fz1|Fz2|Fz3|Fz4|Tacho (ai0)","1","113.396","1","0","23","","","51200","1","66.2069984","122-AA-MM-2025-6-2","VC","Turning","Facing","2025-11-19T13:02:38.517Z","51200","565","120","500","","0.1","0.1","CNMG 12 04 08-SM H13A","dajhsv10","C-62","QS-PCLNL 2525-12C","true","true","true","0","1","struct{Devices,Gain}","struct{Device,DeviceIndex,Channels,MeasurementType,RateLim,VariableName}","A - current"
"11. LPC Trials (Dennis)\2. Data\Force\122-AA-MM-2025-6-5-F8-150MPM_0.1feed_0.1DoC.mat","11. LPC Trials (Dennis)\2. Data\Force","122-AA-MM-2025-6-5-F8-150MPM_0.1feed_0.1DoC.mat","A - current","ok","","2475.44542","2025-11-19 13:46:47","v7.3 (HDF5)","matfile (partial)","4","AmpSettings|DATA|VariableNames|metadata","DATA","38425600","10","double","3074.048","0.1","1","1","10","1","0","0","NaN","1","Time|Fx1|Fx2|Fy1|Fy2|Fz1|Fz2|Fz3|Fz4|Tacho (ai0)","1","113.396","1","0","23","","","51200","1","95.2362435","122-AA-MM-2025-6-2","VC","Turning","Facing","2025-11-19T13:30:37.340Z","51200","565","150","500","","0.1","0.1","CNMG 12 04 08-SM H13A","dajhsv11","C-62","QS-PCLNL 2525-12C","true","true","true","0","1","struct{Devices,Gain}","struct{Device,DeviceIndex,Channels,MeasurementType,RateLim,VariableName}","A - current"
"11. LPC Trials (Dennis)\2. Data\Force\122-AA-MM-2025-6-5-F9-60MPM_0.1feed_0.1DoC.mat","11. LPC Trials (Dennis)\2. Data\Force","122-AA-MM-2025-6-5-F9-60MPM_0.1feed_0.1DoC.mat","A - current","ok","","5785.611364","2025-11-20 10:59:57","v7.3 (HDF5)","matfile (partial)","4","AmpSettings|DATA|VariableNames|metadata","DATA","89927680","10","double","7194.2144","0.1","1","1","10","1","0","0","NaN","1","Time|Fx1|Fx2|Fy1|Fy2|Fz1|Fz2|Fz3|Fz4|Tacho (ai0)","1","113.396","1","0","23","","","51200","1","159.3639099","122-AA-MM-2025-6-2","VC","Turning","Facing","2025-11-20T10:24:16.762Z","51200","565","60","500","Flood coolant","0.1","0.1","CNMG 12 04 08-SM H13A","H13A-#4-fB","C-62","QS-PCLNL 2525-12C","true","false","false","0","1","struct{Devices,Gain}","struct{Device,DeviceIndex,Channels,MeasurementType,RateLim,VariableName}","A - current"
"10. FRF Matrix + Extra\3. Data\ITP Samples\102-AA-MF-2024-11-1\102-AA-MF-2024-11-1-F1-30MPM_0.1feed_0.15DoC.mat","10. FRF Matrix + Extra\3. Data\ITP Samples\102-AA-MF-2024-11-1","102-AA-MF-2024-11-1-F1-30MPM_0.1feed_0.15DoC.mat","B - current layout, thin metadata","ok","","231.615933","2024-12-05 21:04:26","v6/v7","whos -file","3","DATA|VariableNames|metadata","DATA","3627520","10","double","290.2016","0.1","1","1","10","1","0","0","NaN","1","Time|Fx|Fy|Fz|Fx1|Fx2|Fy1|Fy2|Fz1|Fz2","0","NaN","1","0","19","Operation|OperationType|EdgeID|SwarfID","","25600","50","10.6176898","102-AA-MF-2024-11-1","VC","","","2024-12-05T11:04:23.754Z","25600","80","30","2000","Last cleanup pass","0.1","0.15","CNMG 12 04 08-SM H13A","","NLX-2500 | 700","QS-PCLNL 2525-12C","false","false","","0","1","struct{Devices,Gain}","struct{Device,DeviceIndex,Channels,MeasurementType,RateLim,VariableName}","X - DECLARED v1.0, WRONG COLUMNS"
"10. FRF Matrix + Extra\3. Data\ITP Samples\102-AA-MF-2024-11-1\102-AA-MF-2024-11-1-F2-30MPM_0.1feed_0.1DoC.mat","10. FRF Matrix + Extra\3. Data\ITP Samples\102-AA-MF-2024-11-1","102-AA-MF-2024-11-1-F2-30MPM_0.1feed_0.1DoC.mat","B - current layout, thin metadata","ok","","222.187476","2024-12-05 21:04:17","v6/v7","whos -file","3","DATA|VariableNames|metadata","DATA","3484160","10","double","278.7328","0.1","1","1","10","1","0","0","NaN","1","Time|Fx|Fy|Fz|Fx1|Fx2|Fy1|Fy2|Fz1|Fz2","0","NaN","1","0","19","Operation|OperationType|EdgeID|SwarfID","","25600","50","21.463016","102-AA-MF-2024-11-1","VC","","","2024-12-05T11:14:12.766Z","25600","80","30","2000","","0.1","0.1","CNMG 12 04 08-SM H13A","","NLX-2500 | 700","QS-PCLNL 2525-12C","false","false","","0","1","struct{Devices,Gain}","struct{Device,DeviceIndex,Channels,MeasurementType,RateLim,VariableName}","X - DECLARED v1.0, WRONG COLUMNS"
"10. FRF Matrix + Extra\3. Data\ITP Samples\102-AA-MF-2024-11-1\102-AA-MF-2024-11-1-F3-30MPM_0.1feed_0.2DoC.mat","10. FRF Matrix + Extra\3. Data\ITP Samples\102-AA-MF-2024-11-1","102-AA-MF-2024-11-1-F3-30MPM_0.1feed_0.2DoC.mat","B - current layout, thin metadata","ok","","198.22034","2024-12-05 21:03:49","v6/v7","whos -file","3","DATA|VariableNames|metadata","DATA","3110400","10","double","248.832","0.1","1","1","10","1","0","0","NaN","1","Time|Fx|Fy|Fz|Fx1|Fx2|Fy1|Fy2|Fz1|Fz2","0","NaN","1","0","19","Operation|OperationType|EdgeID|SwarfID","","25600","50","6.9135747","102-AA-MF-2024-11-1","VC","","","2024-12-05T11:17:23.732Z","25600","80","30","2000","","0.1","0.2","CNMG 12 04 08-SM H13A","","NLX-2500 | 700","QS-PCLNL 2525-12C","false","false","","0","1","struct{Devices,Gain}","struct{Device,DeviceIndex,Channels,MeasurementType,RateLim,VariableName}","X - DECLARED v1.0, WRONG COLUMNS"
"10. FRF Matrix + Extra\3. Data\ITP Samples\102-AA-MF-2024-11-1\102-AA-MF-2024-11-1-F4-30MPM_0.1feed_0.2DoC.mat","10. FRF Matrix + Extra\3. Data\ITP Samples\102-AA-MF-2024-11-1","102-AA-MF-2024-11-1-F4-30MPM_0.1feed_0.2DoC.mat","B - current layout, thin metadata","ok","","198.891787","2024-12-05 21:03:59","v6/v7","whos -file","3","DATA|VariableNames|metadata","DATA","3123200","10","double","249.856","0.1","1","1","10","1","0","0","NaN","1","Time|Fx|Fy|Fz|Fx1|Fx2|Fy1|Fy2|Fz1|Fz2","0","NaN","1","0","19","Operation|OperationType|EdgeID|SwarfID","","25600","50","11.4583035","102-AA-MF-2024-11-1","VC","","","2024-12-05T11:21:51.701Z","25600","80","30","2000","","0.1","0.2","CNMG 12 04 08-SM H13A","","NLX-2500 | 700","QS-PCLNL 2525-12C","false","false","","0","1","struct{Devices,Gain}","struct{Device,DeviceIndex,Channels,MeasurementType,RateLim,VariableName}","X - DECLARED v1.0, WRONG COLUMNS"
"10. FRF Matrix + Extra\3. Data\ITP Samples\102-AA-MF-2024-11-1\102-AA-MF-2024-11-1-F5-30MPM_0.1feed_0.2DoC.mat","10. FRF Matrix + Extra\3. Data\ITP Samples\102-AA-MF-2024-11-1","102-AA-MF-2024-11-1-F5-30MPM_0.1feed_0.2DoC.mat","B - current layout, thin metadata","ok","","251.760132","2024-12-05 21:04:36","v6/v7","whos -file","3","DATA|VariableNames|metadata","DATA","3947520","10","double","315.8016","0.1","1","1","10","1","0","0","NaN","1","Time|Fx|Fy|Fz|Fx1|Fx2|Fy1|Fy2|Fz1|Fz2","0","NaN","1","0","19","Operation|OperationType|EdgeID|SwarfID","","25600","50","12.2816094","102-AA-MF-2024-11-1","VC","","","2024-12-05T11:50:11.722Z","25600","80","30","2000","","0.1","0.1","CNMG 12 04 08-SM H13A","","NLX-2500 | 700","QS-PCLNL 2525-12C","false","false","","0","1","struct{Devices,Gain}","struct{Device,DeviceIndex,Channels,MeasurementType,RateLim,VariableName}","X - DECLARED v1.0, WRONG COLUMNS"
"10. FRF Matrix + Extra\3. Data\ITP Samples\97-AA-MF-2024-11-1\97-AA-MF-2024-10-30-F2-30MPM_0.1feed_0.1DoC.mat","10. FRF Matrix + Extra\3. Data\ITP Samples\97-AA-MF-2024-11-1","97-AA-MF-2024-10-30-F2-30MPM_0.1feed_0.1DoC.mat","B - current layout, thin metadata","ok","","240.704972","2024-12-05 21:07:06","v6/v7","whos -file","3","DATA|VariableNames|metadata","DATA","3763200","10","double","301.056","0.1","1","1","10","1","0","0","NaN","1","Time|Fx|Fy|Fz|Fx1|Fx2|Fy1|Fy2|Fz1|Fz2","0","NaN","1","0","19","Operation|OperationType|EdgeID|SwarfID","","25600","10","12.28229","97-AA-MF-2024-10-30","VC","","","2024-12-05T09:44:20.556Z","25600","80","30","2000","10 kN/V","0.1","0.1","CNMG 12 04 08-SM H13A","","NLX-2500 | 700","QS-PCLNL 2525-12C","false","false","","0","1","struct{Devices,Gain}","struct{Device,DeviceIndex,Channels,MeasurementType,RateLim,VariableName}","X - DECLARED v1.0, WRONG COLUMNS"
"10. FRF Matrix + Extra\3. Data\ITP Samples\97-AA-MF-2024-11-1\97-AA-MF-2024-10-30-F3-30MPM_0.1feed_0.1DoC.mat","10. FRF Matrix + Extra\3. Data\ITP Samples\97-AA-MF-2024-11-1","97-AA-MF-2024-10-30-F3-30MPM_0.1feed_0.1DoC.mat","B - current layout, thin metadata","ok","","202.162285","2024-12-05 21:06:06","v6/v7","whos -file","3","DATA|VariableNames|metadata","DATA","3151360","10","double","252.1088","0.1","1","1","10","1","0","0","NaN","1","Time|Fx|Fy|Fz|Fx1|Fx2|Fy1|Fy2|Fz1|Fz2","0","NaN","1","0","19","Operation|OperationType|EdgeID|SwarfID","","25600","10","47.567435","97-AA-MF-2024-10-30","VC","","","2024-12-05T09:49:30.007Z","25600","80","30","2000","50 N/V","0.1","0.1","CNMG 12 04 08-SM H13A","","NLX-2500 | 700","QS-PCLNL 2525-12C","false","false","","0","1","struct{Devices,Gain}","struct{Device,DeviceIndex,Channels,MeasurementType,RateLim,VariableName}","X - DECLARED v1.0, WRONG COLUMNS"
"10. FRF Matrix + Extra\3. Data\ITP Samples\97-AA-MF-2024-11-1\97-AA-MF-2024-10-30-F4-30MPM_0.1feed_0.1DoC.mat","10. FRF Matrix + Extra\3. Data\ITP Samples\97-AA-MF-2024-11-1","97-AA-MF-2024-10-30-F4-30MPM_0.1feed_0.1DoC.mat","B - current layout, thin metadata","ok","","255.076643","2024-12-05 21:06:36","v6/v7","whos -file","3","DATA|VariableNames|metadata","DATA","3988480","10","double","319.0784","0.1","1","1","10","1","0","0","NaN","1","Time|Fx|Fy|Fz|Fx1|Fx2|Fy1|Fy2|Fz1|Fz2","0","NaN","1","0","19","Operation|OperationType|EdgeID|SwarfID","","25600","10","57.1027333","97-AA-MF-2024-10-30","VC","","","2024-12-05T09:54:11.502Z","25600","80","30","2000","20 N/V","0.1","0.1","CNMG 12 04 08-SM H13A","","NLX-2500 | 700","QS-PCLNL 2525-12C","false","false","","0","1","struct{Devices,Gain}","struct{Device,DeviceIndex,Channels,MeasurementType,RateLim,VariableName}","X - DECLARED v1.0, WRONG COLUMNS"
"10. FRF Matrix + Extra\3. Data\ITP Samples\97-AA-MF-2024-11-1\97-AA-MF-2024-10-30-F5-30MPM_0.1feed_0.1DoC.mat","10. FRF Matrix + Extra\3. Data\ITP Samples\97-AA-MF-2024-11-1","97-AA-MF-2024-10-30-F5-30MPM_0.1feed_0.1DoC.mat","B - current layout, thin metadata","ok","","187.12832","2024-12-05 21:06:21","v6/v7","whos -file","3","DATA|VariableNames|metadata","DATA","2931200","10","double","234.496","0.1","1","1","10","1","0","0","NaN","1","Time|Fx|Fy|Fz|Fx1|Fx2|Fy1|Fy2|Fz1|Fz2","0","NaN","1","0","19","Operation|OperationType|EdgeID|SwarfID","","25600","10","33.6863557","97-AA-MF-2024-10-30","VC","","","2024-12-05T09:58:05.099Z","25600","80","30","2000","10 N/V","0.1","0.1","CNMG 12 04 08-SM H13A","","NLX-2500 | 700","QS-PCLNL 2525-12C","false","false","","0","1","struct{Devices,Gain}","struct{Device,DeviceIndex,Channels,MeasurementType,RateLim,VariableName}","X - DECLARED v1.0, WRONG COLUMNS"
"10. FRF Matrix + Extra\3. Data\ITP Samples\99-AA-MF-2024-11-1\99-AA-MF-2024-11-1-F1-30MPM_0.1feed_0.5DoC.mat","10. FRF Matrix + Extra\3. Data\ITP Samples\99-AA-MF-2024-11-1","99-AA-MF-2024-11-1-F1-30MPM_0.1feed_0.5DoC.mat","B - current layout, thin metadata","ok","","191.225874","2026-07-05 02:48:03","v7.3 (HDF5)","matfile (partial)","3","DATA|VariableNames|metadata","DATA","2913280","10","double","233.0624","0.1","1","1","10","1","0","0","NaN","1","Time|Fx|Fy|Fz|Fx1|Fx2|Fy1|Fy2|Fz1|Fz2","0","NaN","1","0","19","Operation|OperationType|EdgeID|SwarfID","","25600","50","63.7145665","99-AA-MF-2024-11-1","VC","","","2024-12-05T13:09:30.926Z","25600","80","30","2000","","0.1","0.5","CNMG 12 04 08-SM H13A","","NLX-2500 | 700","QS-PCLNL 2525-12C","false","false","","0","1","struct{Devices,Gain}","struct{Device,DeviceIndex,Channels,MeasurementType,RateLim,VariableName}","X - DECLARED v1.0, WRONG COLUMNS"
"10. FRF Matrix + Extra\3. Data\ITP Samples\99-AA-MF-2024-11-1\99-AA-MF-2024-11-1-F2-30MPM_0.1feed_0.5DoC.mat","10. FRF Matrix + Extra\3. Data\ITP Samples\99-AA-MF-2024-11-1","99-AA-MF-2024-11-1-F2-30MPM_0.1feed_0.5DoC.mat","B - current layout, thin metadata","ok","","202.653508","2026-07-05 03:04:49","v7.3 (HDF5)","matfile (partial)","3","DATA|VariableNames|metadata","DATA","3087360","10","double","246.9888","0.1","1","1","10","1","0","0","NaN","1","Time|Fx|Fy|Fz|Fx1|Fx2|Fy1|Fy2|Fz1|Fz2","0","NaN","1","0","19","Operation|OperationType|EdgeID|SwarfID","","25600","50","47.608172","99-AA-MF-2024-11-1","VC","","","2024-12-05T13:29:30.086Z","25600","80","30","2000","","0.1","0.5","CNMG 12 04 08-SM H13A","","NLX-2500 | 700","QS-PCLNL 2525-12C","false","false","","0","1","struct{Devices,Gain}","struct{Device,DeviceIndex,Channels,MeasurementType,RateLim,VariableName}","X - DECLARED v1.0, WRONG COLUMNS"
"10. FRF Matrix + Extra\3. Data\ITP Samples\99-AA-MF-2024-11-1\99-AA-MF-2024-11-1-F3-30MPM_0.1feed_0.5DoC.mat","10. FRF Matrix + Extra\3. Data\ITP Samples\99-AA-MF-2024-11-1","99-AA-MF-2024-11-1-F3-30MPM_0.1feed_0.5DoC.mat","B - current layout, thin metadata","ok","","237.763044","2024-12-05 21:02:48","v7.3 (HDF5)","matfile (partial)","3","DATA|VariableNames|metadata","DATA","3640320","10","double","291.2256","0.1","1","1","10","1","0","0","NaN","1","Time|Fx|Fy|Fz|Fx1|Fx2|Fy1|Fy2|Fz1|Fz2","0","NaN","1","0","19","Operation|OperationType|EdgeID|SwarfID","","25600","50","33.7057625","99-AA-MF-2024-11-1","VC","","","2024-12-05T13:46:44.061Z","25600","80","30","2000","","0.1","0.5","CNMG 12 04 08-SM H13A","","NLX-2500 | 700","QS-PCLNL 2525-12C","false","false","","0","1","struct{Devices,Gain}","struct{Device,DeviceIndex,Channels,MeasurementType,RateLim,VariableName}","X - DECLARED v1.0, WRONG COLUMNS"
"10. FRF Matrix + Extra\3. Data\ITP Samples\99-AA-MF-2024-11-1\99-AA-MF-2024-11-1-F4-30MPM_0.1feed_0.25DoC.mat","10. FRF Matrix + Extra\3. Data\ITP Samples\99-AA-MF-2024-11-1","99-AA-MF-2024-11-1-F4-30MPM_0.1feed_0.25DoC.mat","B - current layout, thin metadata","ok","","193.588202","2024-12-05 21:03:00","v7.3 (HDF5)","matfile (partial)","3","DATA|VariableNames|metadata","DATA","2946560","10","double","235.7248","0.1","1","1","10","1","0","0","NaN","1","Time|Fx|Fy|Fz|Fx1|Fx2|Fy1|Fy2|Fz1|Fz2","0","NaN","1","0","19","Operation|OperationType|EdgeID|SwarfID","","25600","50","109.3893191","99-AA-MF-2024-11-1","VC","","","2024-12-05T13:57:09.469Z","25600","80","30","2000","","0.1","0.25","CNMG 12 04 08-SM H13A","","NLX-2500 | 700","QS-PCLNL 2525-12C","false","false","","0","1","struct{Devices,Gain}","struct{Device,DeviceIndex,Channels,MeasurementType,RateLim,VariableName}","X - DECLARED v1.0, WRONG COLUMNS"
"10. FRF Matrix + Extra\3. Data\Josh Samples\112-AD-ME-2024-11-21-F1-30MPM_0.1feed_0.2DoC.mat","10. FRF Matrix + Extra\3. Data\Josh Samples","112-AD-ME-2024-11-21-F1-30MPM_0.1feed_0.2DoC.mat","B - current layout, thin metadata","ok","","205.422331","2026-07-05 02:57:06","v6/v7","whos -file","3","DATA|VariableNames|metadata","DATA","3179520","10","double","254.3616","0.1","1","1","10","1","0","0","NaN","1","Time|Fx|Fy|Fz|Fx1|Fx2|Fy1|Fy2|Fz1|Fz2","0","NaN","1","0","19","Operation|OperationType|EdgeID|SwarfID","","25600","50","87.5074769","112-AD-ME-2024-12-4","VC","","","2024-12-05T15:41:47.028Z","25600","80","30","2000","Roughing pass","0.1","0.2","CNMG 12 04 08-SM H13A","","NLX-2500 | 700","QS-PCLNL 2525-12C","false","false","","0","1","struct{Devices,Gain}","struct{Device,DeviceIndex,Channels,MeasurementType,RateLim,VariableName}","X - DECLARED v1.0, WRONG COLUMNS"
"10. FRF Matrix + Extra\3. Data\Josh Samples\112-AD-ME-2024-11-21-F2-30MPM_0.1feed_0.2DoC.mat","10. FRF Matrix + Extra\3. Data\Josh Samples","112-AD-ME-2024-11-21-F2-30MPM_0.1feed_0.2DoC.mat","B - current layout, thin metadata","ok","","221.429163","2024-12-05 21:05:55","v6/v7","whos -file","3","DATA|VariableNames|metadata","DATA","3491840","10","double","279.3472","0.1","1","1","10","1","0","0","NaN","1","Time|Fx|Fy|Fz|Fx1|Fx2|Fy1|Fy2|Fz1|Fz2","0","NaN","1","0","19","Operation|OperationType|EdgeID|SwarfID","","25600","50","38.8169381","112-AD-ME-2024-11-25","VC","","","2024-12-05T15:46:41.310Z","25600","80","30","2000","Roughing pass","0.1","0.2","CNMG 12 04 08-SM H13A","","NLX-2500 | 700","QS-PCLNL 2525-12C","false","false","","0","1","struct{Devices,Gain}","struct{Device,DeviceIndex,Channels,MeasurementType,RateLim,VariableName}","X - DECLARED v1.0, WRONG COLUMNS"
"10. FRF Matrix + Extra\3. Data\Josh Samples\112-AD-ME-2024-11-21-F4-30MPM_0.1feed_0.2DoC.mat","10. FRF Matrix + Extra\3. Data\Josh Samples","112-AD-ME-2024-11-21-F4-30MPM_0.1feed_0.2DoC.mat","B - current layout, thin metadata","ok","","228.775577","2024-12-05 21:04:59","v7.3 (HDF5)","matfile (partial)","3","DATA|VariableNames|metadata","DATA","3484160","10","double","278.7328","0.1","1","1","10","1","0","0","NaN","1","Time|Fx|Fy|Fz|Fx1|Fx2|Fy1|Fy2|Fz1|Fz2","0","NaN","1","0","19","Operation|OperationType|EdgeID|SwarfID","","25600","50","73.4920908","112-AD-ME-2024-11-25","VC","","","2024-12-05T15:53:46.476Z","25600","80","30","2000","Roughing pass","0.1","0.2","CNMG 12 04 08-SM H13A","","NLX-2500 | 700","QS-PCLNL 2525-12C","false","false","","0","1","struct{Devices,Gain}","struct{Device,DeviceIndex,Channels,MeasurementType,RateLim,VariableName}","X - DECLARED v1.0, WRONG COLUMNS"
"10. FRF Matrix + Extra\3. Data\Jozef WAM\114-AG-ME-2024-12-4-F1-30MPM_0.1feed_0.5DoC.mat","10. FRF Matrix + Extra\3. Data\Jozef WAM","114-AG-ME-2024-12-4-F1-30MPM_0.1feed_0.5DoC.mat","B - current layout, thin metadata","ok","","256.183142","2024-12-05 23:02:38","v6/v7","whos -file","3","DATA|VariableNames|metadata","DATA","4060160","10","double","324.8128","0.1","1","1","10","1","0","0","NaN","1","Time|Fx|Fy|Fz|Fx1|Fx2|Fy1|Fy2|Fz1|Fz2","0","NaN","1","0","19","Operation|OperationType|EdgeID|SwarfID","","25600","50","3.3152265","114-AG-ME-2024-12-4","VC","","","2024-12-05T14:38:05.274Z","25600","50","30","2000","","0.1","0.1","CNMG 12 04 08-SM H13A","","NLX-2500 | 700","QS-PCLNL 2525-12C","false","false","","0","1","struct{Devices,Gain}","struct{Device,DeviceIndex,Channels,MeasurementType,RateLim,VariableName}","X - DECLARED v1.0, WRONG COLUMNS"
"10. FRF Matrix + Extra\3. Data\Jozef WAM\114-AG-ME-2024-12-4-F2-30MPM_0.1feed_0.1DoC.mat","10. FRF Matrix + Extra\3. Data\Jozef WAM","114-AG-ME-2024-12-4-F2-30MPM_0.1feed_0.1DoC.mat","B - current layout, thin metadata","ok","","136.268571","2024-12-05 23:02:13","v6/v7","whos -file","3","DATA|VariableNames|metadata","DATA","2132480","10","double","170.5984","0.1","1","1","10","1","0","0","NaN","1","Time|Fx|Fy|Fz|Fx1|Fx2|Fy1|Fy2|Fz1|Fz2","0","NaN","1","0","19","Operation|OperationType|EdgeID|SwarfID","","25600","50","33.5964708","114-AG-ME-2024-12-4","VC","","","2024-12-05T14:55:13.430Z","25600","50","30","2000","","0.1","0.1","CNMG 12 04 08-SM H13A","","NLX-2500 | 700","QS-PCLNL 2525-12C","false","false","","0","1","struct{Devices,Gain}","struct{Device,DeviceIndex,Channels,MeasurementType,RateLim,VariableName}","X - DECLARED v1.0, WRONG COLUMNS"
"10. FRF Matrix + Extra\3. Data\Jozef WAM\114-AG-ME-2024-12-4-F3-30MPM_0.1feed_0.1DoC.mat","10. FRF Matrix + Extra\3. Data\Jozef WAM","114-AG-ME-2024-12-4-F3-30MPM_0.1feed_0.1DoC.mat","B - current layout, thin metadata","ok","","105.819974","2024-12-05 23:00:49","v7.3 (HDF5)","matfile (partial)","3","DATA|VariableNames|metadata","DATA","1612800","10","double","129.024","0.1","1","1","10","1","0","0","NaN","1","Time|Fx|Fy|Fz|Fx1|Fx2|Fy1|Fy2|Fz1|Fz2","0","NaN","1","0","19","Operation|OperationType|EdgeID|SwarfID","","25600","30","110.4394612","114-AG-ME-2024-12-4","VC","","","2024-12-05T15:00:25.877Z","25600","50","30","2000","Decreased range","0.1","0.1","CNMG 12 04 08-SM H13A","","NLX-2500 | 700","QS-PCLNL 2525-12C","false","false","","0","1","struct{Devices,Gain}","struct{Device,DeviceIndex,Channels,MeasurementType,RateLim,VariableName}","X - DECLARED v1.0, WRONG COLUMNS"
"10. FRF Matrix + Extra\3. Data\Jozef WAM\114-AG-ME-2024-12-4-F4-30MPM_0.1feed_0.1DoC.mat","10. FRF Matrix + Extra\3. Data\Jozef WAM","114-AG-ME-2024-12-4-F4-30MPM_0.1feed_0.1DoC.mat","B - current layout, thin metadata","ok","","145.080283","2024-12-05 23:00:59","v7.3 (HDF5)","matfile (partial)","3","DATA|VariableNames|metadata","DATA","2214400","10","double","177.152","0.1","1","1","10","1","0","0","NaN","1","Time|Fx|Fy|Fz|Fx1|Fx2|Fy1|Fy2|Fz1|Fz2","0","NaN","1","0","19","Operation|OperationType|EdgeID|SwarfID","","25600","30","2.0564164","114-AG-ME-2024-12-4","VC","","","2024-12-05T15:18:30.818Z","25600","50","30","2000","Decreased range","0.1","0.1","CNMG 12 04 08-SM H13A","","NLX-2500 | 700","QS-PCLNL 2525-12C","false","false","","0","1","struct{Devices,Gain}","struct{Device,DeviceIndex,Channels,MeasurementType,RateLim,VariableName}","X - DECLARED v1.0, WRONG COLUMNS"
"10. FRF Matrix + Extra\3. Data\Jozef WAM\114-AG-ME-2024-12-4-F5-30MPM_0.1feed_0.1DoC.mat","10. FRF Matrix + Extra\3. Data\Jozef WAM","114-AG-ME-2024-12-4-F5-30MPM_0.1feed_0.1DoC.mat","B - current layout, thin metadata","ok","","168.836514","2024-12-05 23:02:24","v6/v7","whos -file","3","DATA|VariableNames|metadata","DATA","2657280","10","double","212.5824","0.1","1","1","10","1","0","0","NaN","1","Time|Fx|Fy|Fz|Fx1|Fx2|Fy1|Fy2|Fz1|Fz2","0","NaN","1","0","19","Operation|OperationType|EdgeID|SwarfID","","25600","40","2.3394906","114-AG-ME-2024-12-4","VC","","","2024-12-05T15:34:03.707Z","25600","50","30","2000","Outside face","0.1","0.1","CNMG 12 04 08-SM H13A","","NLX-2500 | 700","QS-PCLNL 2525-12C","false","false","","0","1","struct{Devices,Gain}","struct{Device,DeviceIndex,Channels,MeasurementType,RateLim,VariableName}","X - DECLARED v1.0, WRONG COLUMNS"
"2. Standard Ti-64 Billet (Emily)\2. Force Data\C1_Dia204-30MPM-01.mat","2. Standard Ti-64 Billet (Emily)\2. Force Data","C1_Dia204-30MPM-01.mat","C - legacy layout, has metadata","ok","","1532.10488","2022-08-08 08:26:21","v6/v7","whos -file","3","DATA|VariableNames|metadata","DATA","17254400","13","double","1794.4576","0.1","NaN","0.1","13","1","0","0","NaN","1","Time|Fx|Fy|Fz|Fx1|Fx2|Fy1|Fy2|Fz1|Fz2|Fz3|Fz4|Tacho (ai0)","0","NaN","1","0","4","SampleName|OpType|Operation|OperationType|CutDiameter|SurfaceSpeed|MaxRPM|Notes|Feed|DepthOfCut|Insert|EdgeID|Machine|Tool|New_Edge|Swarf|SwarfID|Coolant|fileVersion","","25600","100","107.1316433","","","","","2022-08-08 08:12:49","25600","","","","","","","","","","","","","","","","struct{Devices,Gain}","struct{Device,DeviceIndex,Channels,MeasurementType,RateLim,VariableName}","C - legacy layout, has metadata"
"2. Standard Ti-64 Billet (Emily)\2. Force Data\C1_Dia204-30MPM-02.mat","2. Standard Ti-64 Billet (Emily)\2. Force Data","C1_Dia204-30MPM-02.mat","C - legacy layout, has metadata","ok","","1936.12913","2022-08-08 09:06:56","v7.3 (HDF5)","matfile (partial)","3","DATA|VariableNames|metadata","DATA","21401600","13","double","2225.7664","0.1","NaN","0.1","13","1","0","0","NaN","1","Time|Fx|Fy|Fz|Fx1|Fx2|Fy1|Fy2|Fz1|Fz2|Fz3|Fz4|Tacho (ai0)","0","NaN","1","0","4","SampleName|OpType|Operation|OperationType|CutDiameter|SurfaceSpeed|MaxRPM|Notes|Feed|DepthOfCut|Insert|EdgeID|Machine|Tool|New_Edge|Swarf|SwarfID|Coolant|fileVersion","","25600","100","85.6963083","","","","","2022-08-08 08:50:25","25600","","","","","","","","","","","","","","","","struct{Devices,Gain}","struct{Device,DeviceIndex,Channels,MeasurementType,RateLim,VariableName}","C - legacy layout, has metadata"
"2. Standard Ti-64 Billet (Emily)\2. Force Data\C1_Dia204-30MPM-09.mat","2. Standard Ti-64 Billet (Emily)\2. Force Data","C1_Dia204-30MPM-09.mat","C - legacy layout, has metadata","ok","","1544.270977","2022-08-08 11:37:13","v6/v7","whos -file","3","DATA|VariableNames|metadata","DATA","17249280","13","double","1793.92512","0.1","NaN","0.1","13","1","0","0","NaN","1","Time|Fx|Fy|Fz|Fx1|Fx2|Fy1|Fy2|Fz1|Fz2|Fz3|Fz4|Tacho (ai0)","0","NaN","1","0","4","SampleName|OpType|Operation|OperationType|CutDiameter|SurfaceSpeed|MaxRPM|Notes|Feed|DepthOfCut|Insert|EdgeID|Machine|Tool|New_Edge|Swarf|SwarfID|Coolant|fileVersion","","25600","100","27.9006887","","","","","2022-08-08 11:23:47","25600","","","","","","","","","","","","","","","","struct{Devices,Gain}","struct{Device,DeviceIndex,Channels,MeasurementType,RateLim,VariableName}","C - legacy layout, has metadata"
"2. Standard Ti-64 Billet (Emily)\2. Force Data\C1_Dia204-30MPM-10.mat","2. Standard Ti-64 Billet (Emily)\2. Force Data","C1_Dia204-30MPM-10.mat","C - legacy layout, has metadata","ok","","1892.615363","2022-08-08 11:55:22","v7.3 (HDF5)","matfile (partial)","3","DATA|VariableNames|metadata","DATA","20515840","13","double","2133.64736","0.1","NaN","0.1","13","1","0","0","NaN","1","Time|Fx|Fy|Fz|Fx1|Fx2|Fy1|Fy2|Fz1|Fz2|Fz3|Fz4|Tacho (ai0)","0","NaN","1","0","4","SampleName|OpType|Operation|OperationType|CutDiameter|SurfaceSpeed|MaxRPM|Notes|Feed|DepthOfCut|Insert|EdgeID|Machine|Tool|New_Edge|Swarf|SwarfID|Coolant|fileVersion","","25600","100","95.1568606","","","","","2022-08-08 11:39:14","25600","","","","","","","","","","","","","","","","struct{Devices,Gain}","struct{Device,DeviceIndex,Channels,MeasurementType,RateLim,VariableName}","C - legacy layout, has metadata"
"2. Standard Ti-64 Billet (Emily)\2. Force Data\C1_Dia204-40MPM-03.mat","2. Standard Ti-64 Billet (Emily)\2. Force Data","C1_Dia204-40MPM-03.mat","C - legacy layout, has metadata","ok","","1190.989946","2022-08-08 09:21:06","v6/v7","whos -file","3","DATA|VariableNames|metadata","DATA","13329920","13","double","1386.31168","0.1","NaN","0.1","13","1","0","0","NaN","1","Time|Fx|Fy|Fz|Fx1|Fx2|Fy1|Fy2|Fz1|Fz2|Fz3|Fz4|Tacho (ai0)","0","NaN","1","0","4","SampleName|OpType|Operation|OperationType|CutDiameter|SurfaceSpeed|MaxRPM|Notes|Feed|DepthOfCut|Insert|EdgeID|Machine|Tool|New_Edge|Swarf|SwarfID|Coolant|fileVersion","","25600","100","77.4405571","","","","","2022-08-08 09:10:36","25600","","","","","","","","","","","","","","","","struct{Devices,Gain}","struct{Device,DeviceIndex,Channels,MeasurementType,RateLim,VariableName}","C - legacy layout, has metadata"
"2. Standard Ti-64 Billet (Emily)\2. Force Data\C1_Dia204-50MPM-04.mat","2. Standard Ti-64 Billet (Emily)\2. Force Data","C1_Dia204-50MPM-04.mat","C - legacy layout, has metadata","ok","","1011.225301","2022-08-08 09:32:56","v6/v7","whos -file","3","DATA|VariableNames|metadata","DATA","11307520","13","double","1175.98208","0.1","NaN","0.1","13","1","0","0","NaN","1","Time|Fx|Fy|Fz|Fx1|Fx2|Fy1|Fy2|Fz1|Fz2|Fz3|Fz4|Tacho (ai0)","0","NaN","1","0","4","SampleName|OpType|Operation|OperationType|CutDiameter|SurfaceSpeed|MaxRPM|Notes|Feed|DepthOfCut|Insert|EdgeID|Machine|Tool|New_Edge|Swarf|SwarfID|Coolant|fileVersion","","25600","100","28.570451","","","","","2022-08-08 09:24:08","25600","","","","","","","","","","","","","","","","struct{Devices,Gain}","struct{Device,DeviceIndex,Channels,MeasurementType,RateLim,VariableName}","C - legacy layout, has metadata"
"2. Standard Ti-64 Billet (Emily)\2. Force Data\C1_Dia204-60MPM-05.mat","2. Standard Ti-64 Billet (Emily)\2. Force Data","C1_Dia204-60MPM-05.mat","C - legacy layout, has metadata","ok","","817.517043","2022-08-08 09:44:16","v6/v7","whos -file","3","DATA|VariableNames|metadata","DATA","9128960","13","double","949.41184","0.1","NaN","0.1","13","1","0","0","NaN","1","Time|Fx|Fy|Fz|Fx1|Fx2|Fy1|Fy2|Fz1|Fz2|Fz3|Fz4|Tacho (ai0)","0","NaN","1","0","4","SampleName|OpType|Operation|OperationType|CutDiameter|SurfaceSpeed|MaxRPM|Notes|Feed|DepthOfCut|Insert|EdgeID|Machine|Tool|New_Edge|Swarf|SwarfID|Coolant|fileVersion","","25600","100","65.7928701","","","","","2022-08-08 09:37:09","25600","","","","","","","","","","","","","","","","struct{Devices,Gain}","struct{Device,DeviceIndex,Channels,MeasurementType,RateLim,VariableName}","C - legacy layout, has metadata"
"2. Standard Ti-64 Billet (Emily)\2. Force Data\C1_Dia204-60RPM-06.mat","2. Standard Ti-64 Billet (Emily)\2. Force Data","C1_Dia204-60RPM-06.mat","C - legacy layout, has metadata","ok","","2449.867706","2022-08-08 10:11:06","v7.3 (HDF5)","matfile (partial)","3","DATA|VariableNames|metadata","DATA","26703360","13","double","2777.14944","0.1","NaN","0.1","13","1","0","0","NaN","1","Time|Fx|Fy|Fz|Fx1|Fx2|Fy1|Fy2|Fz1|Fz2|Fz3|Fz4|Tacho (ai0)","0","NaN","1","0","4","SampleName|OpType|Operation|OperationType|CutDiameter|SurfaceSpeed|MaxRPM|Notes|Feed|DepthOfCut|Insert|EdgeID|Machine|Tool|New_Edge|Swarf|SwarfID|Coolant|fileVersion","","25600","100","95.358498","","","","","2022-08-08 09:49:46","25600","","","","","","","","","","","","","","","","struct{Devices,Gain}","struct{Device,DeviceIndex,Channels,MeasurementType,RateLim,VariableName}","C - legacy layout, has metadata"
"2. Standard Ti-64 Billet (Emily)\2. Force Data\C1_Dia204-70RPM-07.mat","2. Standard Ti-64 Billet (Emily)\2. Force Data","C1_Dia204-70RPM-07.mat","C - legacy layout, has metadata","ok","","2209.152419","2022-08-08 11:05:04","v7.3 (HDF5)","matfile (partial)","3","DATA|VariableNames|metadata","DATA","24002560","13","double","2496.26624","0.1","NaN","0.1","13","1","0","0","NaN","1","Time|Fx|Fy|Fz|Fx1|Fx2|Fy1|Fy2|Fz1|Fz2|Fz3|Fz4|Tacho (ai0)","0","NaN","1","0","4","SampleName|OpType|Operation|OperationType|CutDiameter|SurfaceSpeed|MaxRPM|Notes|Feed|DepthOfCut|Insert|EdgeID|Machine|Tool|New_Edge|Swarf|SwarfID|Coolant|fileVersion","","25600","100","116.7194715","","","","","2022-08-08 10:41:46","25600","","","","","","","","","","","","","","","","struct{Devices,Gain}","struct{Device,DeviceIndex,Channels,MeasurementType,RateLim,VariableName}","C - legacy layout, has metadata"
"2. Standard Ti-64 Billet (Emily)\2. Force Data\C1_Dia204-80RPM-08.mat","2. Standard Ti-64 Billet (Emily)\2. Force Data","C1_Dia204-80RPM-08.mat","C - legacy layout, has metadata","ok","","1857.142014","2022-08-08 11:21:07","v7.3 (HDF5)","matfile (partial)","3","DATA|VariableNames|metadata","DATA","20131840","13","double","2093.71136","0.1","NaN","0.1","13","1","0","0","NaN","1","Time|Fx|Fy|Fz|Fx1|Fx2|Fy1|Fy2|Fz1|Fz2|Fz3|Fz4|Tacho (ai0)","0","NaN","1","0","4","SampleName|OpType|Operation|OperationType|CutDiameter|SurfaceSpeed|MaxRPM|Notes|Feed|DepthOfCut|Insert|EdgeID|Machine|Tool|New_Edge|Swarf|SwarfID|Coolant|fileVersion","","25600","100","48.3339734","","","","","2022-08-08 11:05:17","25600","","","","","","","","","","","","","","","","struct{Devices,Gain}","struct{Device,DeviceIndex,Channels,MeasurementType,RateLim,VariableName}","C - legacy layout, has metadata"
"3. FAST Ti-64 Swarf Digital Twin\2. Cutting Force Data\DISC-A FACE-1\A1_Dia246-30MPM-01.mat","3. FAST Ti-64 Swarf Digital Twin\2. Cutting Force Data\DISC-A FACE-1","A1_Dia246-30MPM-01.mat","C - legacy layout, has metadata","ok","","2310.389664","2022-08-02 13:22:10","v7.3 (HDF5)","matfile (partial)","3","DATA|VariableNames|metadata","DATA","25256960","13","double","2626.72384","0.1","NaN","0.1","13","1","0","0","NaN","1","Time|Fx|Fy|Fz|Fx1|Fx2|Fy1|Fy2|Fz1|Fz2|Fz3|Fz4|Tacho (ai0)","0","NaN","1","0","4","SampleName|OpType|Operation|OperationType|CutDiameter|SurfaceSpeed|MaxRPM|Notes|Feed|DepthOfCut|Insert|EdgeID|Machine|Tool|New_Edge|Swarf|SwarfID|Coolant|fileVersion","","25600","100","136.001353","","","","","2022-08-02 13:02:22","25600","","","","","","","","","","","","","","","","struct{Devices,Gain}","struct{Device,DeviceIndex,Channels,MeasurementType,RateLim,VariableName}","C - legacy layout, has metadata"
"3. FAST Ti-64 Swarf Digital Twin\2. Cutting Force Data\DISC-A FACE-1\A1_Dia246-30MPM-02.mat","3. FAST Ti-64 Swarf Digital Twin\2. Cutting Force Data\DISC-A FACE-1","A1_Dia246-30MPM-02.mat","C - legacy layout, has metadata","ok","","2398.594949","2022-08-02 16:08:43","v7.3 (HDF5)","matfile (partial)","3","DATA|VariableNames|metadata","DATA","26342400","13","double","2739.6096","0.1","NaN","0.1","13","1","0","0","NaN","1","Time|Fx|Fy|Fz|Fx1|Fx2|Fy1|Fy2|Fz1|Fz2|Fz3|Fz4|Tacho (ai0)","0","NaN","1","0","4","SampleName|OpType|Operation|OperationType|CutDiameter|SurfaceSpeed|MaxRPM|Notes|Feed|DepthOfCut|Insert|EdgeID|Machine|Tool|New_Edge|Swarf|SwarfID|Coolant|fileVersion","","25600","100","86.5990501","","","","","2022-08-02 15:45:45","25600","","","","","","","","","","","","","","","","struct{Devices,Gain}","struct{Device,DeviceIndex,Channels,MeasurementType,RateLim,VariableName}","C - legacy layout, has metadata"
"3. FAST Ti-64 Swarf Digital Twin\2. Cutting Force Data\DISC-A FACE-1\A1_Dia246-30MPM-09.mat","3. FAST Ti-64 Swarf Digital Twin\2. Cutting Force Data\DISC-A FACE-1","A1_Dia246-30MPM-09.mat","C - legacy layout, has metadata","ok","","2329.051064","2022-08-03 10:07:24","v7.3 (HDF5)","matfile (partial)","3","DATA|VariableNames|metadata","DATA","25502720","13","double","2652.28288","0.1","NaN","0.1","13","1","0","0","NaN","1","Time|Fx|Fy|Fz|Fx1|Fx2|Fy1|Fy2|Fz1|Fz2|Fz3|Fz4|Tacho (ai0)","0","NaN","1","0","4","SampleName|OpType|Operation|OperationType|CutDiameter|SurfaceSpeed|MaxRPM|Notes|Feed|DepthOfCut|Insert|EdgeID|Machine|Tool|New_Edge|Swarf|SwarfID|Coolant|fileVersion","","25600","100","75.8836788","","","","","2022-08-03 09:48:21","25600","","","","","","","","","","","","","","","","struct{Devices,Gain}","struct{Device,DeviceIndex,Channels,MeasurementType,RateLim,VariableName}","C - legacy layout, has metadata"
"3. FAST Ti-64 Swarf Digital Twin\2. Cutting Force Data\DISC-A FACE-1\A1_Dia246-30MPM-10.mat","3. FAST Ti-64 Swarf Digital Twin\2. Cutting Force Data\DISC-A FACE-1","A1_Dia246-30MPM-10.mat","C - legacy layout, has metadata","ok","","2319.408893","2022-08-03 10:56:24","v7.3 (HDF5)","matfile (partial)","3","DATA|VariableNames|metadata","DATA","25395200","13","double","2641.1008","0.1","NaN","0.1","13","1","0","0","NaN","1","Time|Fx|Fy|Fz|Fx1|Fx2|Fy1|Fy2|Fz1|Fz2|Fz3|Fz4|Tacho (ai0)","0","NaN","1","0","4","SampleName|OpType|Operation|OperationType|CutDiameter|SurfaceSpeed|MaxRPM|Notes|Feed|DepthOfCut|Insert|EdgeID|Machine|Tool|New_Edge|Swarf|SwarfID|Coolant|fileVersion","","25600","100","79.6728768","","","","","2022-08-03 10:37:28","25600","","","","","","","","","","","","","","","","struct{Devices,Gain}","struct{Device,DeviceIndex,Channels,MeasurementType,RateLim,VariableName}","C - legacy layout, has metadata"
"3. FAST Ti-64 Swarf Digital Twin\2. Cutting Force Data\DISC-A FACE-1\A1_Dia246-40MPM-03.mat","3. FAST Ti-64 Swarf Digital Twin\2. Cutting Force Data\DISC-A FACE-1","A1_Dia246-40MPM-03.mat","C - legacy layout, has metadata","ok","","2037.822981","2022-08-03 07:37:53","v7.3 (HDF5)","matfile (partial)","3","DATA|VariableNames|metadata","DATA","22568960","13","double","2347.17184","0.1","NaN","0.1","13","1","0","0","NaN","1","Time|Fx|Fy|Fz|Fx1|Fx2|Fy1|Fy2|Fz1|Fz2|Fz3|Fz4|Tacho (ai0)","0","NaN","1","0","4","SampleName|OpType|Operation|OperationType|CutDiameter|SurfaceSpeed|MaxRPM|Notes|Feed|DepthOfCut|Insert|EdgeID|Machine|Tool|New_Edge|Swarf|SwarfID|Coolant|fileVersion","","25600","100","70.8468609","","","","","2022-08-03 07:21:04","25600","","","","","","","","","","","","","","","","struct{Devices,Gain}","struct{Device,DeviceIndex,Channels,MeasurementType,RateLim,VariableName}","C - legacy layout, has metadata"
"3. FAST Ti-64 Swarf Digital Twin\2. Cutting Force Data\DISC-A FACE-1\A1_Dia246-50MPM-04.mat","3. FAST Ti-64 Swarf Digital Twin\2. Cutting Force Data\DISC-A FACE-1","A1_Dia246-50MPM-04.mat","C - legacy layout, has metadata","ok","","1399.556561","2022-08-03 07:50:49","v6/v7","whos -file","3","DATA|VariableNames|metadata","DATA","15823360","13","double","1645.62944","0.1","NaN","0.1","13","1","0","0","NaN","1","Time|Fx|Fy|Fz|Fx1|Fx2|Fy1|Fy2|Fz1|Fz2|Fz3|Fz4|Tacho (ai0)","0","NaN","1","0","4","SampleName|OpType|Operation|OperationType|CutDiameter|SurfaceSpeed|MaxRPM|Notes|Feed|DepthOfCut|Insert|EdgeID|Machine|Tool|New_Edge|Swarf|SwarfID|Coolant|fileVersion","","25600","100","52.5217783","","","","","2022-08-03 07:39:11","25600","","","","","","","","","","","","","","","","struct{Devices,Gain}","struct{Device,DeviceIndex,Channels,MeasurementType,RateLim,VariableName}","C - legacy layout, has metadata"
"3. FAST Ti-64 Swarf Digital Twin\2. Cutting Force Data\DISC-A FACE-1\A1_Dia246-60MPM-05.mat","3. FAST Ti-64 Swarf Digital Twin\2. Cutting Force Data\DISC-A FACE-1","A1_Dia246-60MPM-05.mat","C - legacy layout, has metadata","ok","","1284.366858","2022-08-03 08:17:09","v6/v7","whos -file","3","DATA|VariableNames|metadata","DATA","14640640","13","double","1522.62656","0.1","NaN","0.1","13","1","0","0","NaN","1","Time|Fx|Fy|Fz|Fx1|Fx2|Fy1|Fy2|Fz1|Fz2|Fz3|Fz4|Tacho (ai0)","0","NaN","1","0","4","SampleName|OpType|Operation|OperationType|CutDiameter|SurfaceSpeed|MaxRPM|Notes|Feed|DepthOfCut|Insert|EdgeID|Machine|Tool|New_Edge|Swarf|SwarfID|Coolant|fileVersion","","25600","100","69.5266263","","","","","2022-08-03 08:06:15","25600","","","","","","","","","","","","","","","","struct{Devices,Gain}","struct{Device,DeviceIndex,Channels,MeasurementType,RateLim,VariableName}","C - legacy layout, has metadata"
"3. FAST Ti-64 Swarf Digital Twin\2. Cutting Force Data\DISC-A FACE-1\A1_Dia246-60RPM-06.mat","3. FAST Ti-64 Swarf Digital Twin\2. Cutting Force Data\DISC-A FACE-1","A1_Dia246-60RPM-06.mat","C - legacy layout, has metadata","ok","","2925.117857","2022-08-03 08:43:09","v7.3 (HDF5)","matfile (partial)","3","DATA|VariableNames|metadata","DATA","32168960","13","double","3345.57184","0.1","NaN","0.1","13","1","0","0","NaN","1","Time|Fx|Fy|Fz|Fx1|Fx2|Fy1|Fy2|Fz1|Fz2|Fz3|Fz4|Tacho (ai0)","0","NaN","1","0","4","SampleName|OpType|Operation|OperationType|CutDiameter|SurfaceSpeed|MaxRPM|Notes|Feed|DepthOfCut|Insert|EdgeID|Machine|Tool|New_Edge|Swarf|SwarfID|Coolant|fileVersion","","25600","100","86.3856762","","","","","2022-08-03 08:19:06","25600","","","","","","","","","","","","","","","","struct{Devices,Gain}","struct{Device,DeviceIndex,Channels,MeasurementType,RateLim,VariableName}","C - legacy layout, has metadata"
"3. FAST Ti-64 Swarf Digital Twin\2. Cutting Force Data\DISC-A FACE-1\A1_Dia246-70RPM-07.mat","3. FAST Ti-64 Swarf Digital Twin\2. Cutting Force Data\DISC-A FACE-1","A1_Dia246-70RPM-07.mat","C - legacy layout, has metadata","ok","","2508.083111","2022-08-03 09:03:53","v7.3 (HDF5)","matfile (partial)","3","DATA|VariableNames|metadata","DATA","27607040","13","double","2871.13216","0.1","NaN","0.1","13","1","0","0","NaN","1","Time|Fx|Fy|Fz|Fx1|Fx2|Fy1|Fy2|Fz1|Fz2|Fz3|Fz4|Tacho (ai0)","0","NaN","1","0","4","SampleName|OpType|Operation|OperationType|CutDiameter|SurfaceSpeed|MaxRPM|Notes|Feed|DepthOfCut|Insert|EdgeID|Machine|Tool|New_Edge|Swarf|SwarfID|Coolant|fileVersion","","25600","100","121.4596472","","","","","2022-08-03 08:43:20","25600","","","","","","","","","","","","","","","","struct{Devices,Gain}","struct{Device,DeviceIndex,Channels,MeasurementType,RateLim,VariableName}","C - legacy layout, has metadata"
"3. FAST Ti-64 Swarf Digital Twin\2. Cutting Force Data\DISC-A FACE-1\A1_Dia246-80RPM-08.mat","3. FAST Ti-64 Swarf Digital Twin\2. Cutting Force Data\DISC-A FACE-1","A1_Dia246-80RPM-08.mat","C - legacy layout, has metadata","ok","","2184.828898","2022-08-03 09:22:09","v7.3 (HDF5)","matfile (partial)","3","DATA|VariableNames|metadata","DATA","23982080","13","double","2494.13632","0.1","NaN","0.1","13","1","0","0","NaN","1","Time|Fx|Fy|Fz|Fx1|Fx2|Fy1|Fy2|Fz1|Fz2|Fz3|Fz4|Tacho (ai0)","0","NaN","1","0","4","SampleName|OpType|Operation|OperationType|CutDiameter|SurfaceSpeed|MaxRPM|Notes|Feed|DepthOfCut|Insert|EdgeID|Machine|Tool|New_Edge|Swarf|SwarfID|Coolant|fileVersion","","25600","100","62.5320009","","","","","2022-08-03 09:04:17","25600","","","","","","","","","","","","","","","","struct{Devices,Gain}","struct{Device,DeviceIndex,Channels,MeasurementType,RateLim,VariableName}","C - legacy layout, has metadata"
"3. FAST Ti-64 Swarf Digital Twin\2. Cutting Force Data\DISC-A FACE-2\A2_Dia246-30MPM-01.mat","3. FAST Ti-64 Swarf Digital Twin\2. Cutting Force Data\DISC-A FACE-2","A2_Dia246-30MPM-01.mat","C - legacy layout, has metadata","ok","","2386.373785","2022-08-03 13:43:46","v7.3 (HDF5)","matfile (partial)","3","DATA|VariableNames|metadata","DATA","26112000","13","double","2715.648","0.1","NaN","0.1","13","1","0","0","NaN","1","Time|Fx|Fy|Fz|Fx1|Fx2|Fy1|Fy2|Fz1|Fz2|Fz3|Fz4|Tacho (ai0)","0","NaN","1","0","4","SampleName|OpType|Operation|OperationType|CutDiameter|SurfaceSpeed|MaxRPM|Notes|Feed|DepthOfCut|Insert|EdgeID|Machine|Tool|New_Edge|Swarf|SwarfID|Coolant|fileVersion","","25600","100","134.1410217","","","","","2022-08-03 13:24:09","25600","","","","","","","","","","","","","","","","struct{Devices,Gain}","struct{Device,DeviceIndex,Channels,MeasurementType,RateLim,VariableName}","C - legacy layout, has metadata"
"3. FAST Ti-64 Swarf Digital Twin\2. Cutting Force Data\DISC-A FACE-2\A2_Dia246-30MPM-02.mat","3. FAST Ti-64 Swarf Digital Twin\2. Cutting Force Data\DISC-A FACE-2","A2_Dia246-30MPM-02.mat","C - legacy layout, has metadata","ok","","2291.228408","2022-08-03 14:04:41","v7.3 (HDF5)","matfile (partial)","3","DATA|VariableNames|metadata","DATA","25047040","13","double","2604.89216","0.1","NaN","0.1","13","1","0","0","NaN","1","Time|Fx|Fy|Fz|Fx1|Fx2|Fy1|Fy2|Fz1|Fz2|Fz3|Fz4|Tacho (ai0)","0","NaN","1","0","4","SampleName|OpType|Operation|OperationType|CutDiameter|SurfaceSpeed|MaxRPM|Notes|Feed|DepthOfCut|Insert|EdgeID|Machine|Tool|New_Edge|Swarf|SwarfID|Coolant|fileVersion","","25600","100","94.6976146","","","","","2022-08-03 13:45:12","25600","","","","","","","","","","","","","","","","struct{Devices,Gain}","struct{Device,DeviceIndex,Channels,MeasurementType,RateLim,VariableName}","C - legacy layout, has metadata"
"3. FAST Ti-64 Swarf Digital Twin\2. Cutting Force Data\DISC-A FACE-2\A2_Dia246-30MPM-03.mat","3. FAST Ti-64 Swarf Digital Twin\2. Cutting Force Data\DISC-A FACE-2","A2_Dia246-30MPM-03.mat","C - legacy layout, has metadata","ok","","2302.30386","2022-08-03 14:25:56","v7.3 (HDF5)","matfile (partial)","3","DATA|VariableNames|metadata","DATA","25180160","13","double","2618.73664","0.1","NaN","0.1","13","1","0","0","NaN","1","Time|Fx|Fy|Fz|Fx1|Fx2|Fy1|Fy2|Fz1|Fz2|Fz3|Fz4|Tacho (ai0)","0","NaN","1","0","4","SampleName|OpType|Operation|OperationType|CutDiameter|SurfaceSpeed|MaxRPM|Notes|Feed|DepthOfCut|Insert|EdgeID|Machine|Tool|New_Edge|Swarf|SwarfID|Coolant|fileVersion","","25600","100","140.7547157","","","","","2022-08-03 14:06:54","25600","","","","","","","","","","","","","","","","struct{Devices,Gain}","struct{Device,DeviceIndex,Channels,MeasurementType,RateLim,VariableName}","C - legacy layout, has metadata"
"3. FAST Ti-64 Swarf Digital Twin\2. Cutting Force Data\DISC-B FACE-1\B1-Dia246-30MPM-01.mat","3. FAST Ti-64 Swarf Digital Twin\2. Cutting Force Data\DISC-B FACE-1","B1-Dia246-30MPM-01.mat","C - legacy layout, has metadata","ok","","2393.627459","2022-08-04 08:42:21","v7.3 (HDF5)","matfile (partial)","3","DATA|VariableNames|metadata","DATA","26158080","13","double","2720.44032","0.1","NaN","0.1","13","1","0","0","NaN","1","Time|Fx|Fy|Fz|Fx1|Fx2|Fy1|Fy2|Fz1|Fz2|Fz3|Fz4|Tacho (ai0)","0","NaN","1","0","4","SampleName|OpType|Operation|OperationType|CutDiameter|SurfaceSpeed|MaxRPM|Notes|Feed|DepthOfCut|Insert|EdgeID|Machine|Tool|New_Edge|Swarf|SwarfID|Coolant|fileVersion","","25600","100","63.882061","","","","","2022-08-04 08:22:37","25600","","","","","","","","","","","","","","","","struct{Devices,Gain}","struct{Device,DeviceIndex,Channels,MeasurementType,RateLim,VariableName}","C - legacy layout, has metadata"
"3. FAST Ti-64 Swarf Digital Twin\2. Cutting Force Data\DISC-B FACE-1\B1-Dia246-30MPM-09.mat","3. FAST Ti-64 Swarf Digital Twin\2. Cutting Force Data\DISC-B FACE-1","B1-Dia246-30MPM-09.mat","C - legacy layout, has metadata","ok","","2322.023863","2022-08-04 11:31:58","v7.3 (HDF5)","matfile (partial)","3","DATA|VariableNames|metadata","DATA","25351680","13","double","2636.57472","0.1","NaN","0.1","13","1","0","0","NaN","1","Time|Fx|Fy|Fz|Fx1|Fx2|Fy1|Fy2|Fz1|Fz2|Fz3|Fz4|Tacho (ai0)","0","NaN","1","0","4","SampleName|OpType|Operation|OperationType|CutDiameter|SurfaceSpeed|MaxRPM|Notes|Feed|DepthOfCut|Insert|EdgeID|Machine|Tool|New_Edge|Swarf|SwarfID|Coolant|fileVersion","","25600","100","96.1957566","","","","","2022-08-04 11:10:49","25600","","","","","","","","","","","","","","","","struct{Devices,Gain}","struct{Device,DeviceIndex,Channels,MeasurementType,RateLim,VariableName}","C - legacy layout, has metadata"
"3. FAST Ti-64 Swarf Digital Twin\2. Cutting Force Data\DISC-B FACE-1\B1-Dia246-30MPM-10.mat","3. FAST Ti-64 Swarf Digital Twin\2. Cutting Force Data\DISC-B FACE-1","B1-Dia246-30MPM-10.mat","C - legacy layout, has metadata","ok","","2293.074015","2022-08-04 11:50:46","v7.3 (HDF5)","matfile (partial)","3","DATA|VariableNames|metadata","DATA","25064960","13","double","2606.75584","0.1","NaN","0.1","13","1","0","0","NaN","1","Time|Fx|Fy|Fz|Fx1|Fx2|Fy1|Fy2|Fz1|Fz2|Fz3|Fz4|Tacho (ai0)","0","NaN","1","0","4","SampleName|OpType|Operation|OperationType|CutDiameter|SurfaceSpeed|MaxRPM|Notes|Feed|DepthOfCut|Insert|EdgeID|Machine|Tool|New_Edge|Swarf|SwarfID|Coolant|fileVersion","","25600","100","50.9889633","","","","","2022-08-04 11:32:08","25600","","","","","","","","","","","","","","","","struct{Devices,Gain}","struct{Device,DeviceIndex,Channels,MeasurementType,RateLim,VariableName}","C - legacy layout, has metadata"
"3. FAST Ti-64 Swarf Digital Twin\2. Cutting Force Data\DISC-B FACE-1\B1-Dia246-40MPM-02.mat","3. FAST Ti-64 Swarf Digital Twin\2. Cutting Force Data\DISC-B FACE-1","B1-Dia246-40MPM-02.mat","C - legacy layout, has metadata","ok","","1678.891678","2022-08-04 08:56:54","v6/v7","whos -file","3","DATA|VariableNames|metadata","DATA","18890240","13","double","1964.58496","0.1","NaN","0.1","13","1","0","0","NaN","1","Time|Fx|Fy|Fz|Fx1|Fx2|Fy1|Fy2|Fz1|Fz2|Fz3|Fz4|Tacho (ai0)","0","NaN","1","0","4","SampleName|OpType|Operation|OperationType|CutDiameter|SurfaceSpeed|MaxRPM|Notes|Feed|DepthOfCut|Insert|EdgeID|Machine|Tool|New_Edge|Swarf|SwarfID|Coolant|fileVersion","","25600","100","66.907837","","","","","2022-08-04 08:42:44","25600","","","","","","","","","","","","","","","","struct{Devices,Gain}","struct{Device,DeviceIndex,Channels,MeasurementType,RateLim,VariableName}","C - legacy layout, has metadata"
"3. FAST Ti-64 Swarf Digital Twin\2. Cutting Force Data\DISC-B FACE-1\B1-Dia246-50MPM-03.mat","3. FAST Ti-64 Swarf Digital Twin\2. Cutting Force Data\DISC-B FACE-1","B1-Dia246-50MPM-03.mat","C - legacy layout, has metadata","ok","","1396.830696","2022-08-04 09:10:45","v6/v7","whos -file","3","DATA|VariableNames|metadata","DATA","15720960","13","double","1634.97984","0.1","NaN","0.1","13","1","0","0","NaN","1","Time|Fx|Fy|Fz|Fx1|Fx2|Fy1|Fy2|Fz1|Fz2|Fz3|Fz4|Tacho (ai0)","0","NaN","1","0","4","SampleName|OpType|Operation|OperationType|CutDiameter|SurfaceSpeed|MaxRPM|Notes|Feed|DepthOfCut|Insert|EdgeID|Machine|Tool|New_Edge|Swarf|SwarfID|Coolant|fileVersion","","25600","100","35.1038977","","","","","2022-08-04 08:59:08","25600","","","","","","","","","","","","","","","","struct{Devices,Gain}","struct{Device,DeviceIndex,Channels,MeasurementType,RateLim,VariableName}","C - legacy layout, has metadata"
"3. FAST Ti-64 Swarf Digital Twin\2. Cutting Force Data\DISC-B FACE-1\B1-Dia246-60MPM-04-PossibleError.mat","3. FAST Ti-64 Swarf Digital Twin\2. Cutting Force Data\DISC-B FACE-1","B1-Dia246-60MPM-04-PossibleError.mat","C - legacy layout, has metadata","ok","","1191.011533","2022-08-04 09:21:29","v6/v7","whos -file","3","DATA|VariableNames|metadata","DATA","13309440","13","double","1384.18176","0.1","NaN","0.1","13","1","0","0","NaN","1","Time|Fx|Fy|Fz|Fx1|Fx2|Fy1|Fy2|Fz1|Fz2|Fz3|Fz4|Tacho (ai0)","0","NaN","1","0","4","SampleName|OpType|Operation|OperationType|CutDiameter|SurfaceSpeed|MaxRPM|Notes|Feed|DepthOfCut|Insert|EdgeID|Machine|Tool|New_Edge|Swarf|SwarfID|Coolant|fileVersion","","25600","100","40.7180554","","","","","2022-08-04 09:11:36","25600","","","","","","","","","","","","","","","","struct{Devices,Gain}","struct{Device,DeviceIndex,Channels,MeasurementType,RateLim,VariableName}","C - legacy layout, has metadata"
"3. FAST Ti-64 Swarf Digital Twin\2. Cutting Force Data\DISC-B FACE-1\B1-Dia246-60MPM-05.mat","3. FAST Ti-64 Swarf Digital Twin\2. Cutting Force Data\DISC-B FACE-1","B1-Dia246-60MPM-05.mat","C - legacy layout, has metadata","ok","","1162.919157","2022-08-04 09:32:39","v6/v7","whos -file","3","DATA|VariableNames|metadata","DATA","13081600","13","double","1360.4864","0.1","NaN","0.1","13","1","0","0","NaN","1","Time|Fx|Fy|Fz|Fx1|Fx2|Fy1|Fy2|Fz1|Fz2|Fz3|Fz4|Tacho (ai0)","0","NaN","1","0","4","SampleName|OpType|Operation|OperationType|CutDiameter|SurfaceSpeed|MaxRPM|Notes|Feed|DepthOfCut|Insert|EdgeID|Machine|Tool|New_Edge|Swarf|SwarfID|Coolant|fileVersion","","25600","100","58.7884155","","","","","2022-08-04 09:23:00","25600","","","","","","","","","","","","","","","","struct{Devices,Gain}","struct{Device,DeviceIndex,Channels,MeasurementType,RateLim,VariableName}","C - legacy layout, has metadata"
"3. FAST Ti-64 Swarf Digital Twin\2. Cutting Force Data\DISC-B FACE-1\B1-Dia246-60RPM-06.mat","3. FAST Ti-64 Swarf Digital Twin\2. Cutting Force Data\DISC-B FACE-1","B1-Dia246-60RPM-06.mat","C - legacy layout, has metadata","ok","","2959.678537","2022-08-04 09:58:45","v7.3 (HDF5)","matfile (partial)","3","DATA|VariableNames|metadata","DATA","32348160","13","double","3364.20864","0.1","NaN","0.1","13","1","0","0","NaN","1","Time|Fx|Fy|Fz|Fx1|Fx2|Fy1|Fy2|Fz1|Fz2|Fz3|Fz4|Tacho (ai0)","0","NaN","1","0","4","SampleName|OpType|Operation|OperationType|CutDiameter|SurfaceSpeed|MaxRPM|Notes|Feed|DepthOfCut|Insert|EdgeID|Machine|Tool|New_Edge|Swarf|SwarfID|Coolant|fileVersion","","25600","100","36.9086446","","","","","2022-08-04 09:34:41","25600","","","","","","","","","","","","","","","","struct{Devices,Gain}","struct{Device,DeviceIndex,Channels,MeasurementType,RateLim,VariableName}","C - legacy layout, has metadata"
"3. FAST Ti-64 Swarf Digital Twin\2. Cutting Force Data\DISC-B FACE-1\B1-Dia246-70RPM-07.mat","3. FAST Ti-64 Swarf Digital Twin\2. Cutting Force Data\DISC-B FACE-1","B1-Dia246-70RPM-07.mat","C - legacy layout, has metadata","ok","","2552.651908","2022-08-04 10:19:43","v7.3 (HDF5)","matfile (partial)","3","DATA|VariableNames|metadata","DATA","27934720","13","double","2905.21088","0.1","NaN","0.1","13","1","0","0","NaN","1","Time|Fx|Fy|Fz|Fx1|Fx2|Fy1|Fy2|Fz1|Fz2|Fz3|Fz4|Tacho (ai0)","0","NaN","1","0","4","SampleName|OpType|Operation|OperationType|CutDiameter|SurfaceSpeed|MaxRPM|Notes|Feed|DepthOfCut|Insert|EdgeID|Machine|Tool|New_Edge|Swarf|SwarfID|Coolant|fileVersion","","25600","100","117.106846","","","","","2022-08-04 09:58:56","25600","","","","","","","","","","","","","","","","struct{Devices,Gain}","struct{Device,DeviceIndex,Channels,MeasurementType,RateLim,VariableName}","C - legacy layout, has metadata"
"3. FAST Ti-64 Swarf Digital Twin\2. Cutting Force Data\DISC-B FACE-1\B1-Dia246-80RPM-08.mat","3. FAST Ti-64 Swarf Digital Twin\2. Cutting Force Data\DISC-B FACE-1","B1-Dia246-80RPM-08.mat","C - legacy layout, has metadata","ok","","2252.042648","2022-08-14 20:19:30","v7.3 (HDF5)","matfile (partial)","3","DATA|VariableNames|metadata","DATA","24640000","13","double","2562.56","0.1","NaN","0.1","13","1","0","0","NaN","1","Time|Fx|Fy|Fz|Fx1|Fx2|Fy1|Fy2|Fz1|Fz2|Fz3|Fz4|Tacho (ai0)","0","NaN","1","0","4","SampleName|OpType|Operation|OperationType|CutDiameter|SurfaceSpeed|MaxRPM|Notes|Feed|DepthOfCut|Insert|EdgeID|Machine|Tool|New_Edge|Swarf|SwarfID|Coolant|fileVersion","","25600","100","86.1240374","","","","","2022-08-04 10:50:40","25600","","","","","","","","","","","","","","","","struct{Devices,Gain}","struct{Device,DeviceIndex,Channels,MeasurementType,RateLim,VariableName}","C - legacy layout, has metadata"
"3. FAST Ti-64 Swarf Digital Twin\2. Cutting Force Data\DISC-B FACE-2\B2-Dia246-30MPM-01.mat","3. FAST Ti-64 Swarf Digital Twin\2. Cutting Force Data\DISC-B FACE-2","B2-Dia246-30MPM-01.mat","C - legacy layout, has metadata","ok","","2374.769778","2022-08-04 14:25:57","v7.3 (HDF5)","matfile (partial)","3","DATA|VariableNames|metadata","DATA","25971200","13","double","2701.0048","0.1","NaN","0.1","13","1","0","0","NaN","1","Time|Fx|Fy|Fz|Fx1|Fx2|Fy1|Fy2|Fz1|Fz2|Fz3|Fz4|Tacho (ai0)","0","NaN","1","0","4","SampleName|OpType|Operation|OperationType|CutDiameter|SurfaceSpeed|MaxRPM|Notes|Feed|DepthOfCut|Insert|EdgeID|Machine|Tool|New_Edge|Swarf|SwarfID|Coolant|fileVersion","","25600","100","120.0221918","","","","","2022-08-04 14:06:33","25600","","","","","","","","","","","","","","","","struct{Devices,Gain}","struct{Device,DeviceIndex,Channels,MeasurementType,RateLim,VariableName}","C - legacy layout, has metadata"
"3. FAST Ti-64 Swarf Digital Twin\2. Cutting Force Data\DISC-B FACE-2\B2-Dia246-30MPM-02.mat","3. FAST Ti-64 Swarf Digital Twin\2. Cutting Force Data\DISC-B FACE-2","B2-Dia246-30MPM-02.mat","C - legacy layout, has metadata","ok","","2384.268554","2022-08-04 14:45:50","v7.3 (HDF5)","matfile (partial)","3","DATA|VariableNames|metadata","DATA","26055680","13","double","2709.79072","0.1","NaN","0.1","13","1","0","0","NaN","1","Time|Fx|Fy|Fz|Fx1|Fx2|Fy1|Fy2|Fz1|Fz2|Fz3|Fz4|Tacho (ai0)","0","NaN","1","0","4","SampleName|OpType|Operation|OperationType|CutDiameter|SurfaceSpeed|MaxRPM|Notes|Feed|DepthOfCut|Insert|EdgeID|Machine|Tool|New_Edge|Swarf|SwarfID|Coolant|fileVersion","","25600","100","63.4739736","","","","","2022-08-04 14:26:28","25600","","","","","","","","","","","","","","","","struct{Devices,Gain}","struct{Device,DeviceIndex,Channels,MeasurementType,RateLim,VariableName}","C - legacy layout, has metadata"
"3. FAST Ti-64 Swarf Digital Twin\2. Cutting Force Data\DISC-B FACE-2\B2-Dia246-30MPM-03.mat","3. FAST Ti-64 Swarf Digital Twin\2. Cutting Force Data\DISC-B FACE-2","B2-Dia246-30MPM-03.mat","C - legacy layout, has metadata","ok","","2347.138346","2022-08-04 15:05:46","v7.3 (HDF5)","matfile (partial)","3","DATA|VariableNames|metadata","DATA","25594880","13","double","2661.86752","0.1","NaN","0.1","13","1","0","0","NaN","1","Time|Fx|Fy|Fz|Fx1|Fx2|Fy1|Fy2|Fz1|Fz2|Fz3|Fz4|Tacho (ai0)","0","NaN","1","0","4","SampleName|OpType|Operation|OperationType|CutDiameter|SurfaceSpeed|MaxRPM|Notes|Feed|DepthOfCut|Insert|EdgeID|Machine|Tool|New_Edge|Swarf|SwarfID|Coolant|fileVersion","","25600","100","198.2900683","","","","","2022-08-04 14:46:45","25600","","","","","","","","","","","","","","","","struct{Devices,Gain}","struct{Device,DeviceIndex,Channels,MeasurementType,RateLim,VariableName}","C - legacy layout, has metadata"
"6. FAST Ti-64 Rolled + Powder (Dennis)\4. Data\10-AA-MF-2023-3-31\10-AA-MF-2023-3-31-F20-30MPM_0.05feed_0.1DoC.mat","6. FAST Ti-64 Rolled + Powder (Dennis)\4. Data\10-AA-MF-2023-3-31","10-AA-MF-2023-3-31-F20-30MPM_0.05feed_0.1DoC.mat","C - legacy layout, has metadata","ok","","344.875207","2024-09-28 16:36:20","v7.3 (HDF5)","matfile (partial)","3","data|metadata|timestamps","data","5693440","9","double","409.92768","0.5","NaN","0.5","9","1","0","1","5693440","0","","0","NaN","1","1","11","SampleName|OpType|Operation|OperationType|Insert|EdgeID|Machine|Tool|New_Edge|Swarf|SwarfID|Coolant|fileVersion","MachineName","25600","1","30.0514009","","","","","2023-04-04 14:42:33","25600","80","30","1000","Coolant ON (70 Bar)","0.05","0.1","","","","","","","","","","struct{Devices,Gain}","struct{Device,DeviceIndex,Channels,MeasurementType,RateLim,VariableName}","C - legacy layout, has metadata"
"6. FAST Ti-64 Rolled + Powder (Dennis)\4. Data\10-AA-MF-2023-3-31\10-AA-MF-2023-3-31-F21-30MPM_0.05feed_0.1DoC.mat","6. FAST Ti-64 Rolled + Powder (Dennis)\4. Data\10-AA-MF-2023-3-31","10-AA-MF-2023-3-31-F21-30MPM_0.05feed_0.1DoC.mat","C - legacy layout, has metadata","ok","","370.774025","2024-09-28 16:36:18","v7.3 (HDF5)","matfile (partial)","3","data|metadata|timestamps","data","5972480","9","double","430.01856","0.5","NaN","0.5","9","1","0","1","5972480","0","","0","NaN","1","1","11","SampleName|OpType|Operation|OperationType|Insert|EdgeID|Machine|Tool|New_Edge|Swarf|SwarfID|Coolant|fileVersion","MachineName","25600","1","85.9567554","","","","","2023-04-04 15:04:37","25600","80","30","1000","Coolant ON (20 Bar)","0.05","0.1","","","","","","","","","","struct{Devices,Gain}","struct{Device,DeviceIndex,Channels,MeasurementType,RateLim,VariableName}","C - legacy layout, has metadata"
"6. FAST Ti-64 Rolled + Powder (Dennis)\4. Data\10-AA-MF-2023-3-31\10-AA-MF-2023-3-31-F22-30MPM_0.05feed_0.1DoC.mat","6. FAST Ti-64 Rolled + Powder (Dennis)\4. Data\10-AA-MF-2023-3-31","10-AA-MF-2023-3-31-F22-30MPM_0.05feed_0.1DoC.mat","C - legacy layout, has metadata","ok","","357.98969","2024-09-28 16:36:17","v7.3 (HDF5)","matfile (partial)","3","data|metadata|timestamps","data","5765120","9","double","415.08864","0.5","NaN","0.5","9","1","0","1","5765120","0","","0","NaN","1","1","11","SampleName|OpType|Operation|OperationType|Insert|EdgeID|Machine|Tool|New_Edge|Swarf|SwarfID|Coolant|fileVersion","MachineName","25600","1","64.4693606","","","","","2023-04-04 15:10:22","25600","80","30","1000","Coolant OFF","0.05","0.1","","","","","","","","","","struct{Devices,Gain}","struct{Device,DeviceIndex,Channels,MeasurementType,RateLim,VariableName}","C - legacy layout, has metadata"
"6. FAST Ti-64 Rolled + Powder (Dennis)\4. Data\10-AA-MF-2023-3-31\3D Reconstruction\10-AA-MF-2023-3-31-F1-30MPM_0.05feed_0.1DoC.mat","6. FAST Ti-64 Rolled + Powder (Dennis)\4. Data\10-AA-MF-2023-3-31\3D Reconstruction","10-AA-MF-2023-3-31-F1-30MPM_0.05feed_0.1DoC.mat","C - legacy layout, has metadata","ok","","355.992443","2024-09-28 16:36:44","v7.3 (HDF5)","matfile (partial)","3","data|metadata|timestamps","data","5719040","9","double","411.77088","0.5","NaN","0.5","9","1","0","1","5719040","0","","0","NaN","1","1","11","SampleName|OpType|Operation|OperationType|Insert|EdgeID|Machine|Tool|New_Edge|Swarf|SwarfID|Coolant|fileVersion","MachineName","25600","1","45.0299398","","","","","2023-04-03 11:39:13","25600","80","30","1000","","0.05","0.1","","","","","","","","","","struct{Devices,Gain}","struct{Device,DeviceIndex,Channels,MeasurementType,RateLim,VariableName}","C - legacy layout, has metadata"
"6. FAST Ti-64 Rolled + Powder (Dennis)\4. Data\10-AA-MF-2023-3-31\3D Reconstruction\10-AA-MF-2023-3-31-F10-30MPM_0.05feed_0.1DoC.mat","6. FAST Ti-64 Rolled + Powder (Dennis)\4. Data\10-AA-MF-2023-3-31\3D Reconstruction","10-AA-MF-2023-3-31-F10-30MPM_0.05feed_0.1DoC.mat","C - legacy layout, has metadata","ok","","364.379553","2024-09-28 16:36:33","v7.3 (HDF5)","matfile (partial)","3","data|metadata|timestamps","data","5857280","9","double","421.72416","0.5","NaN","0.5","9","1","0","1","5857280","0","","0","NaN","1","1","11","SampleName|OpType|Operation|OperationType|Insert|EdgeID|Machine|Tool|New_Edge|Swarf|SwarfID|Coolant|fileVersion","MachineName","25600","1","86.7781539","","","","","2023-04-03 14:10:17","25600","80","30","1000","","0.05","0.1","","","","","","","","","","struct{Devices,Gain}","struct{Device,DeviceIndex,Channels,MeasurementType,RateLim,VariableName}","C - legacy layout, has metadata"
"6. FAST Ti-64 Rolled + Powder (Dennis)\4. Data\10-AA-MF-2023-3-31\3D Reconstruction\10-AA-MF-2023-3-31-F11-30MPM_0.05feed_0.1DoC.mat","6. FAST Ti-64 Rolled + Powder (Dennis)\4. Data\10-AA-MF-2023-3-31\3D Reconstruction","10-AA-MF-2023-3-31-F11-30MPM_0.05feed_0.1DoC.mat","C - legacy layout, has metadata","ok","","368.697977","2024-09-28 16:36:32","v7.3 (HDF5)","matfile (partial)","3","data|metadata|timestamps","data","5936640","9","double","427.43808","0.5","NaN","0.5","9","1","0","1","5936640","0","","0","NaN","1","1","11","SampleName|OpType|Operation|OperationType|Insert|EdgeID|Machine|Tool|New_Edge|Swarf|SwarfID|Coolant|fileVersion","MachineName","25600","1","103.457346","","","","","2023-04-03 14:29:23","25600","80","30","1000","","0.05","0.1","","","","","","","","","","struct{Devices,Gain}","struct{Device,DeviceIndex,Channels,MeasurementType,RateLim,VariableName}","C - legacy layout, has metadata"
"6. FAST Ti-64 Rolled + Powder (Dennis)\4. Data\10-AA-MF-2023-3-31\3D Reconstruction\10-AA-MF-2023-3-31-F12-30MPM_0.05feed_0.1DoC.mat","6. FAST Ti-64 Rolled + Powder (Dennis)\4. Data\10-AA-MF-2023-3-31\3D Reconstruction","10-AA-MF-2023-3-31-F12-30MPM_0.05feed_0.1DoC.mat","C - legacy layout, has metadata","ok","","359.74059","2024-09-28 16:36:31","v7.3 (HDF5)","matfile (partial)","3","data|metadata|timestamps","data","5834240","9","double","420.06528","0.5","NaN","0.5","9","1","0","1","5834240","0","","0","NaN","1","1","11","SampleName|OpType|Operation|OperationType|Insert|EdgeID|Machine|Tool|New_Edge|Swarf|SwarfID|Coolant|fileVersion","MachineName","25600","1","18.0134736","","","","","2023-04-03 14:35:11","25600","80","30","1000","","0.05","0.1","","","","","","","","","","struct{Devices,Gain}","struct{Device,DeviceIndex,Channels,MeasurementType,RateLim,VariableName}","C - legacy layout, has metadata"
"6. FAST Ti-64 Rolled + Powder (Dennis)\4. Data\10-AA-MF-2023-3-31\3D Reconstruction\10-AA-MF-2023-3-31-F13-30MPM_0.05feed_0.1DoC.mat","6. FAST Ti-64 Rolled + Powder (Dennis)\4. Data\10-AA-MF-2023-3-31\3D Reconstruction","10-AA-MF-2023-3-31-F13-30MPM_0.05feed_0.1DoC.mat","C - legacy layout, has metadata","ok","","359.020764","2024-09-28 16:36:30","v7.3 (HDF5)","matfile (partial)","3","data|metadata|timestamps","data","5762560","9","double","414.90432","0.5","NaN","0.5","9","1","0","1","5762560","0","","0","NaN","1","1","11","SampleName|OpType|Operation|OperationType|Insert|EdgeID|Machine|Tool|New_Edge|Swarf|SwarfID|Coolant|fileVersion","MachineName","25600","1","60.2706134","","","","","2023-04-03 14:41:19","25600","80","30","1000","","0.05","0.1","","","","","","","","","","struct{Devices,Gain}","struct{Device,DeviceIndex,Channels,MeasurementType,RateLim,VariableName}","C - legacy layout, has metadata"
"6. FAST Ti-64 Rolled + Powder (Dennis)\4. Data\10-AA-MF-2023-3-31\3D Reconstruction\10-AA-MF-2023-3-31-F14-30MPM_0.05feed_0.1DoC.mat","6. FAST Ti-64 Rolled + Powder (Dennis)\4. Data\10-AA-MF-2023-3-31\3D Reconstruction","10-AA-MF-2023-3-31-F14-30MPM_0.05feed_0.1DoC.mat","C - legacy layout, has metadata","ok","","356.581732","2024-09-28 16:36:29","v7.3 (HDF5)","matfile (partial)","3","data|metadata|timestamps","data","5719040","9","double","411.77088","0.5","NaN","0.5","9","1","0","1","5719040","0","","0","NaN","1","1","11","SampleName|OpType|Operation|OperationType|Insert|EdgeID|Machine|Tool|New_Edge|Swarf|SwarfID|Coolant|fileVersion","MachineName","25600","1","88.5928804","","","","","2023-04-03 14:47:03","25600","80","30","1000","","0.05","0.1","","","","","","","","","","struct{Devices,Gain}","struct{Device,DeviceIndex,Channels,MeasurementType,RateLim,VariableName}","C - legacy layout, has metadata"
"6. FAST Ti-64 Rolled + Powder (Dennis)\4. Data\10-AA-MF-2023-3-31\3D Reconstruction\10-AA-MF-2023-3-31-F15-30MPM_0.05feed_0.1DoC.mat","6. FAST Ti-64 Rolled + Powder (Dennis)\4. Data\10-AA-MF-2023-3-31\3D Reconstruction","10-AA-MF-2023-3-31-F15-30MPM_0.05feed_0.1DoC.mat","C - legacy layout, has metadata","ok","","353.956246","2024-09-28 16:36:28","v7.3 (HDF5)","matfile (partial)","3","data|metadata|timestamps","data","5688320","9","double","409.55904","0.5","NaN","0.5","9","1","0","1","5688320","0","","0","NaN","1","1","11","SampleName|OpType|Operation|OperationType|Insert|EdgeID|Machine|Tool|New_Edge|Swarf|SwarfID|Coolant|fileVersion","MachineName","25600","1","46.5146079","","","","","2023-04-03 14:52:24","25600","80","30","1000","","0.05","0.1","","","","","","","","","","struct{Devices,Gain}","struct{Device,DeviceIndex,Channels,MeasurementType,RateLim,VariableName}","C - legacy layout, has metadata"
"6. FAST Ti-64 Rolled + Powder (Dennis)\4. Data\10-AA-MF-2023-3-31\3D Reconstruction\10-AA-MF-2023-3-31-F16-30MPM_0.05feed_0.1DoC.mat","6. FAST Ti-64 Rolled + Powder (Dennis)\4. Data\10-AA-MF-2023-3-31\3D Reconstruction","10-AA-MF-2023-3-31-F16-30MPM_0.05feed_0.1DoC.mat","C - legacy layout, has metadata","ok","","356.323569","2024-09-28 16:36:26","v7.3 (HDF5)","matfile (partial)","3","data|metadata|timestamps","data","5731840","9","double","412.69248","0.5","NaN","0.5","9","1","0","1","5731840","0","","0","NaN","1","1","11","SampleName|OpType|Operation|OperationType|Insert|EdgeID|Machine|Tool|New_Edge|Swarf|SwarfID|Coolant|fileVersion","MachineName","25600","1","93.8191807","","","","","2023-04-03 15:32:11","25600","80","30","1000","","0.05","0.1","","","","","","","","","","struct{Devices,Gain}","struct{Device,DeviceIndex,Channels,MeasurementType,RateLim,VariableName}","C - legacy layout, has metadata"
"6. FAST Ti-64 Rolled + Powder (Dennis)\4. Data\10-AA-MF-2023-3-31\3D Reconstruction\10-AA-MF-2023-3-31-F17-30MPM_0.05feed_0.1DoC.mat","6. FAST Ti-64 Rolled + Powder (Dennis)\4. Data\10-AA-MF-2023-3-31\3D Reconstruction","10-AA-MF-2023-3-31-F17-30MPM_0.05feed_0.1DoC.mat","C - legacy layout, has metadata","ok","","615.280662","2024-09-28 16:36:23","v7.3 (HDF5)","matfile (partial)","3","data|metadata|timestamps","data","10168320","9","double","732.11904","0.5","NaN","0.5","9","1","0","1","10168320","0","","0","NaN","1","1","11","SampleName|OpType|Operation|OperationType|Insert|EdgeID|Machine|Tool|New_Edge|Swarf|SwarfID|Coolant|fileVersion","MachineName","25600","1","116.990077","","","","","2023-04-03 15:40:10","25600","80","30","1000","","0.05","0.1","","","","","","","","","","struct{Devices,Gain}","struct{Device,DeviceIndex,Channels,MeasurementType,RateLim,VariableName}","C - legacy layout, has metadata"
"6. FAST Ti-64 Rolled + Powder (Dennis)\4. Data\10-AA-MF-2023-3-31\3D Reconstruction\10-AA-MF-2023-3-31-F18-30MPM_0.05feed_0.1DoC.mat","6. FAST Ti-64 Rolled + Powder (Dennis)\4. Data\10-AA-MF-2023-3-31\3D Reconstruction","10-AA-MF-2023-3-31-F18-30MPM_0.05feed_0.1DoC.mat","C - legacy layout, has metadata","ok","","362.708506","2024-09-28 16:36:24","v7.3 (HDF5)","matfile (partial)","3","data|metadata|timestamps","data","5829120","9","double","419.69664","0.5","NaN","0.5","9","1","0","1","5829120","0","","0","NaN","1","1","11","SampleName|OpType|Operation|OperationType|Insert|EdgeID|Machine|Tool|New_Edge|Swarf|SwarfID|Coolant|fileVersion","MachineName","25600","1","81.6404756","","","","","2023-04-03 15:48:02","25600","80","30","1000","","0.05","0.1","","","","","","","","","","struct{Devices,Gain}","struct{Device,DeviceIndex,Channels,MeasurementType,RateLim,VariableName}","C - legacy layout, has metadata"
"6. FAST Ti-64 Rolled + Powder (Dennis)\4. Data\10-AA-MF-2023-3-31\3D Reconstruction\10-AA-MF-2023-3-31-F19-30MPM_0.05feed_0.1DoC.mat","6. FAST Ti-64 Rolled + Powder (Dennis)\4. Data\10-AA-MF-2023-3-31\3D Reconstruction","10-AA-MF-2023-3-31-F19-30MPM_0.05feed_0.1DoC.mat","C - legacy layout, has metadata","ok","","360.466742","2024-09-28 16:36:25","v7.3 (HDF5)","matfile (partial)","3","data|metadata|timestamps","data","5798400","9","double","417.4848","0.5","NaN","0.5","9","1","0","1","5798400","0","","0","NaN","1","1","11","SampleName|OpType|Operation|OperationType|Insert|EdgeID|Machine|Tool|New_Edge|Swarf|SwarfID|Coolant|fileVersion","MachineName","25600","1","34.989336","","","","","2023-04-03 15:54:46","25600","80","30","1000","","0.05","0.1","","","","","","","","","","struct{Devices,Gain}","struct{Device,DeviceIndex,Channels,MeasurementType,RateLim,VariableName}","C - legacy layout, has metadata"
"6. FAST Ti-64 Rolled + Powder (Dennis)\4. Data\10-AA-MF-2023-3-31\3D Reconstruction\10-AA-MF-2023-3-31-F2-30MPM_0.05feed_0.1DoC.mat","6. FAST Ti-64 Rolled + Powder (Dennis)\4. Data\10-AA-MF-2023-3-31\3D Reconstruction","10-AA-MF-2023-3-31-F2-30MPM_0.05feed_0.1DoC.mat","C - legacy layout, has metadata","ok","","348.068603","2024-09-28 16:36:43","v7.3 (HDF5)","matfile (partial)","3","data|metadata|timestamps","data","5591040","9","double","402.55488","0.5","NaN","0.5","9","1","0","1","5591040","0","","0","NaN","1","1","11","SampleName|OpType|Operation|OperationType|Insert|EdgeID|Machine|Tool|New_Edge|Swarf|SwarfID|Coolant|fileVersion","MachineName","25600","1","68.1217902","","","","","2023-04-03 11:47:48","25600","80","30","1000","","0.1","0.1","","","","","","","","","","struct{Devices,Gain}","struct{Device,DeviceIndex,Channels,MeasurementType,RateLim,VariableName}","C - legacy layout, has metadata"
"6. FAST Ti-64 Rolled + Powder (Dennis)\4. Data\10-AA-MF-2023-3-31\3D Reconstruction\10-AA-MF-2023-3-31-F3-30MPM_0.05feed_0.1DoC.mat","6. FAST Ti-64 Rolled + Powder (Dennis)\4. Data\10-AA-MF-2023-3-31\3D Reconstruction","10-AA-MF-2023-3-31-F3-30MPM_0.05feed_0.1DoC.mat","C - legacy layout, has metadata","ok","","315.819411","2024-09-28 16:36:42","v7.3 (HDF5)","matfile (partial)","3","data|metadata|timestamps","data","5061120","9","double","364.40064","0.5","NaN","0.5","9","1","0","1","5061120","0","","0","NaN","1","1","11","SampleName|OpType|Operation|OperationType|Insert|EdgeID|Machine|Tool|New_Edge|Swarf|SwarfID|Coolant|fileVersion","MachineName","25600","1","42.3336521","","","","","2023-04-03 12:01:18","25600","80","30","1000","","0.05","0.1","","","","","","","","","","struct{Devices,Gain}","struct{Device,DeviceIndex,Channels,MeasurementType,RateLim,VariableName}","C - legacy layout, has metadata"
"6. FAST Ti-64 Rolled + Powder (Dennis)\4. Data\10-AA-MF-2023-3-31\3D Reconstruction\10-AA-MF-2023-3-31-F4-30MPM_0.05feed_0.1DoC.mat","6. FAST Ti-64 Rolled + Powder (Dennis)\4. Data\10-AA-MF-2023-3-31\3D Reconstruction","10-AA-MF-2023-3-31-F4-30MPM_0.05feed_0.1DoC.mat","C - legacy layout, has metadata","ok","","353.946953","2024-09-28 16:36:41","v7.3 (HDF5)","matfile (partial)","3","data|metadata|timestamps","data","5688320","9","double","409.55904","0.5","NaN","0.5","9","1","0","1","5688320","0","","0","NaN","1","1","11","SampleName|OpType|Operation|OperationType|Insert|EdgeID|Machine|Tool|New_Edge|Swarf|SwarfID|Coolant|fileVersion","MachineName","25600","1","112.0605848","","","","","2023-04-03 12:53:39","25600","80","30","1000","","0.05","0.1","","","","","","","","","","struct{Devices,Gain}","struct{Device,DeviceIndex,Channels,MeasurementType,RateLim,VariableName}","C - legacy layout, has metadata"
"6. FAST Ti-64 Rolled + Powder (Dennis)\4. Data\10-AA-MF-2023-3-31\3D Reconstruction\10-AA-MF-2023-3-31-F5-30MPM_0.05feed_0.1DoC.mat","6. FAST Ti-64 Rolled + Powder (Dennis)\4. Data\10-AA-MF-2023-3-31\3D Reconstruction","10-AA-MF-2023-3-31-F5-30MPM_0.05feed_0.1DoC.mat","C - legacy layout, has metadata","ok","","399.837285","2026-07-05 03:22:02","v7.3 (HDF5)","matfile (partial)","3","data|metadata|timestamps","data","6466560","9","double","465.59232","0.5","NaN","0.5","9","1","0","1","6466560","0","","0","NaN","1","1","11","SampleName|OpType|Operation|OperationType|Insert|EdgeID|Machine|Tool|New_Edge|Swarf|SwarfID|Coolant|fileVersion","MachineName","25600","1","45.0922861","","","","","2023-04-03 13:33:12","25600","80","30","1000","","0.05","0.1","","","","","","","","","","struct{Devices,Gain}","struct{Device,DeviceIndex,Channels,MeasurementType,RateLim,VariableName}","C - legacy layout, has metadata"
"6. FAST Ti-64 Rolled + Powder (Dennis)\4. Data\10-AA-MF-2023-3-31\3D Reconstruction\10-AA-MF-2023-3-31-F6-30MPM_0.05feed_0.1DoC.mat","6. FAST Ti-64 Rolled + Powder (Dennis)\4. Data\10-AA-MF-2023-3-31\3D Reconstruction","10-AA-MF-2023-3-31-F6-30MPM_0.05feed_0.1DoC.mat","C - legacy layout, has metadata","ok","","357.30032","2024-09-28 16:36:38","v7.3 (HDF5)","matfile (partial)","3","data|metadata|timestamps","data","5742080","9","double","413.42976","0.5","NaN","0.5","9","1","0","1","5742080","0","","0","NaN","1","1","11","SampleName|OpType|Operation|OperationType|Insert|EdgeID|Machine|Tool|New_Edge|Swarf|SwarfID|Coolant|fileVersion","MachineName","25600","1","77.2151366","","","","","2023-04-03 13:39:20","25600","80","30","1000","","0.05","0.1","","","","","","","","","","struct{Devices,Gain}","struct{Device,DeviceIndex,Channels,MeasurementType,RateLim,VariableName}","C - legacy layout, has metadata"
"6. FAST Ti-64 Rolled + Powder (Dennis)\4. Data\10-AA-MF-2023-3-31\3D Reconstruction\10-AA-MF-2023-3-31-F7-30MPM_0.05feed_0.1DoC.mat","6. FAST Ti-64 Rolled + Powder (Dennis)\4. Data\10-AA-MF-2023-3-31\3D Reconstruction","10-AA-MF-2023-3-31-F7-30MPM_0.05feed_0.1DoC.mat","C - legacy layout, has metadata","ok","","360.66004","2024-09-28 16:36:37","v7.3 (HDF5)","matfile (partial)","3","data|metadata|timestamps","data","5793280","9","double","417.11616","0.5","NaN","0.5","9","1","0","1","5793280","0","","0","NaN","1","1","11","SampleName|OpType|Operation|OperationType|Insert|EdgeID|Machine|Tool|New_Edge|Swarf|SwarfID|Coolant|fileVersion","MachineName","25600","1","78.6129091","","","","","2023-04-03 13:46:32","25600","80","30","1000","","0.05","0.1","","","","","","","","","","struct{Devices,Gain}","struct{Device,DeviceIndex,Channels,MeasurementType,RateLim,VariableName}","C - legacy layout, has metadata"
"6. FAST Ti-64 Rolled + Powder (Dennis)\4. Data\10-AA-MF-2023-3-31\3D Reconstruction\10-AA-MF-2023-3-31-F8-30MPM_0.05feed_0.1DoC.mat","6. FAST Ti-64 Rolled + Powder (Dennis)\4. Data\10-AA-MF-2023-3-31\3D Reconstruction","10-AA-MF-2023-3-31-F8-30MPM_0.05feed_0.1DoC.mat","C - legacy layout, has metadata","ok","","360.495817","2024-09-28 16:36:36","v7.3 (HDF5)","matfile (partial)","3","data|metadata|timestamps","data","5785600","9","double","416.5632","0.5","NaN","0.5","9","1","0","1","5785600","0","","0","NaN","1","1","11","SampleName|OpType|Operation|OperationType|Insert|EdgeID|Machine|Tool|New_Edge|Swarf|SwarfID|Coolant|fileVersion","MachineName","25600","1","52.5112692","","","","","2023-04-03 13:53:04","25600","80","30","1000","","0.05","0.1","","","","","","","","","","struct{Devices,Gain}","struct{Device,DeviceIndex,Channels,MeasurementType,RateLim,VariableName}","C - legacy layout, has metadata"
"6. FAST Ti-64 Rolled + Powder (Dennis)\4. Data\10-AA-MF-2023-3-31\3D Reconstruction\10-AA-MF-2023-3-31-F9-30MPM_0.05feed_0.1DoC.mat","6. FAST Ti-64 Rolled + Powder (Dennis)\4. Data\10-AA-MF-2023-3-31\3D Reconstruction","10-AA-MF-2023-3-31-F9-30MPM_0.05feed_0.1DoC.mat","C - legacy layout, has metadata","ok","","353.61774","2024-09-28 16:36:35","v7.3 (HDF5)","matfile (partial)","3","data|metadata|timestamps","data","5675520","9","double","408.63744","0.5","NaN","0.5","9","1","0","1","5675520","0","","0","NaN","1","1","11","SampleName|OpType|Operation|OperationType|Insert|EdgeID|Machine|Tool|New_Edge|Swarf|SwarfID|Coolant|fileVersion","MachineName","25600","1","60.3946447","","","","","2023-04-03 13:58:26","25600","80","30","1000","","0.05","0.1","","","","","","","","","","struct{Devices,Gain}","struct{Device,DeviceIndex,Channels,MeasurementType,RateLim,VariableName}","C - legacy layout, has metadata"
"6. FAST Ti-64 Rolled + Powder (Dennis)\4. Data\10-AA-MF-2023-3-31\CoolantRoughCutCubesOnly.mat","6. FAST Ti-64 Rolled + Powder (Dennis)\4. Data\10-AA-MF-2023-3-31","CoolantRoughCutCubesOnly.mat","C - legacy layout, has metadata","ok","","128.288781","2024-09-28 16:36:21","v7.3 (HDF5)","matfile (partial)","3","data|metadata|timestamps","data","2969600","9","double","213.8112","0.5","NaN","0.5","9","1","0","1","2969600","0","","0","NaN","1","1","11","SampleName|OpType|Operation|OperationType|Insert|EdgeID|Machine|Tool|New_Edge|Swarf|SwarfID|Coolant|fileVersion","MachineName","25600","1","67.8463447","","","","","2023-04-04 14:24:20","25600","80","30","1000","Rough Cut, Coolant ON (70Bar)","0.1","1","","","","","","","","","","struct{Devices,Gain}","struct{Device,DeviceIndex,Channels,MeasurementType,RateLim,VariableName}","C - legacy layout, has metadata"
"6. FAST Ti-64 Rolled + Powder (Dennis)\4. Data\2-AA-MF-2023-3-23\2-AA-MF-2023-3-23-F2-30MPM_0.05feed_0.1DoC.mat","6. FAST Ti-64 Rolled + Powder (Dennis)\4. Data\2-AA-MF-2023-3-23","2-AA-MF-2023-3-23-F2-30MPM_0.05feed_0.1DoC.mat","C - legacy layout, has metadata","ok","","368.415893","2024-09-28 16:37:46","v7.3 (HDF5)","matfile (partial)","3","data|metadata|timestamps","data","5867520","9","double","422.46144","0.5","NaN","0.5","9","1","0","1","5867520","0","","0","NaN","1","1","11","SampleName|OpType|Operation|OperationType|Insert|EdgeID|Machine|Tool|New_Edge|Swarf|SwarfID|Coolant|fileVersion","MachineName","25600","1","88.4691892","","","","","2023-04-03 08:44:40","25600","80","30","1000","","0.05","0.1","","","","","","","","","","struct{Devices,Gain}","struct{Device,DeviceIndex,Channels,MeasurementType,RateLim,VariableName}","C - legacy layout, has metadata"
"6. FAST Ti-64 Rolled + Powder (Dennis)\4. Data\2-AA-MF-2023-3-23\2-AA-MF-2023-3-23-F3-30MPM_0.05feed_0.5DoC.mat","6. FAST Ti-64 Rolled + Powder (Dennis)\4. Data\2-AA-MF-2023-3-23","2-AA-MF-2023-3-23-F3-30MPM_0.05feed_0.5DoC.mat","C - legacy layout, has metadata","ok","","368.600333","2024-09-28 16:37:47","v7.3 (HDF5)","matfile (partial)","3","data|metadata|timestamps","data","5946880","9","double","428.17536","0.5","NaN","0.5","9","1","0","1","5946880","0","","0","NaN","1","1","11","SampleName|OpType|Operation|OperationType|Insert|EdgeID|Machine|Tool|New_Edge|Swarf|SwarfID|Coolant|fileVersion","MachineName","25600","1","46.5099762","","","","","2023-04-04 10:44:46","25600","80","30","1000","Coolant","0.05","0.1","","","","","","","","","","struct{Devices,Gain}","struct{Device,DeviceIndex,Channels,MeasurementType,RateLim,VariableName}","C - legacy layout, has metadata"
"6. FAST Ti-64 Rolled + Powder (Dennis)\4. Data\2-AA-MF-2023-3-23\2-AA-MF-2023-3-23-F4-30MPM_0.05feed_0.1DoC.mat","6. FAST Ti-64 Rolled + Powder (Dennis)\4. Data\2-AA-MF-2023-3-23","2-AA-MF-2023-3-23-F4-30MPM_0.05feed_0.1DoC.mat","C - legacy layout, has metadata","ok","","396.362958","2024-09-28 16:37:41","v7.3 (HDF5)","matfile (partial)","3","data|metadata|timestamps","data","6320640","9","double","455.08608","0.5","NaN","0.5","9","1","0","1","6320640","0","","0","NaN","1","1","11","SampleName|OpType|Operation|OperationType|Insert|EdgeID|Machine|Tool|New_Edge|Swarf|SwarfID|Coolant|fileVersion","MachineName","25600","1","63.3251557","","","","","2023-04-04 10:51:57","25600","80","30","1000","","0.05","0.1","","","","","","","","","","struct{Devices,Gain}","struct{Device,DeviceIndex,Channels,MeasurementType,RateLim,VariableName}","C - legacy layout, has metadata"
"6. FAST Ti-64 Rolled + Powder (Dennis)\4. Data\2-AA-MF-2023-3-23\2-AA_MF-2023-3-23-F1-30MPM_0.05feed_0.1DoC.mat","6. FAST Ti-64 Rolled + Powder (Dennis)\4. Data\2-AA-MF-2023-3-23","2-AA_MF-2023-3-23-F1-30MPM_0.05feed_0.1DoC.mat","C - legacy layout, has metadata","ok","","52.031261","2024-09-28 16:37:45","v7.3 (HDF5)","matfile (partial)","3","data|metadata|timestamps","data","898560","9","double","64.69632","0.5","NaN","0.5","9","1","0","1","898560","0","","0","NaN","1","1","9","SampleName|OpType|Operation|OperationType|Feed|DepthOfCut|Insert|EdgeID|Machine|Tool|New_Edge|Swarf|SwarfID|Coolant|fileVersion","MachineName","25600","1","30.5154925","","","","","2023-03-29 09:23:35","25600","80","1","1000","","","","","","","","","","","","","struct{Devices,Gain}","struct{Device,DeviceIndex,Channels,MeasurementType,RateLim,VariableName}","C - legacy layout, has metadata"
"6. FAST Ti-64 Rolled + Powder (Dennis)\4. Data\2-AA-MF-2023-3-23\CoolantRoughCutFASTControl.mat","6. FAST Ti-64 Rolled + Powder (Dennis)\4. Data\2-AA-MF-2023-3-23","CoolantRoughCutFASTControl.mat","C - legacy layout, has metadata","ok","","244.414664","2024-09-28 16:37:44","v7.3 (HDF5)","matfile (partial)","3","data|metadata|timestamps","data","5621760","9","double","404.76672","0.5","NaN","0.5","9","1","0","1","5621760","0","","0","NaN","1","1","11","SampleName|OpType|Operation|OperationType|Insert|EdgeID|Machine|Tool|New_Edge|Swarf|SwarfID|Coolant|fileVersion","MachineName","25600","1","117.1095904","","","","","2023-04-04 09:23:49","25600","80","30","1000","","0.05","0.5","","","","","","","","","","struct{Devices,Gain}","struct{Device,DeviceIndex,Channels,MeasurementType,RateLim,VariableName}","C - legacy layout, has metadata"
"6. FAST Ti-64 Rolled + Powder (Dennis)\4. Data\2-AA-MF-2023-3-23\CoolantRoughCutFASTControl_2.mat","6. FAST Ti-64 Rolled + Powder (Dennis)\4. Data\2-AA-MF-2023-3-23","CoolantRoughCutFASTControl_2.mat","C - legacy layout, has metadata","ok","","245.730305","2024-09-28 16:37:43","v7.3 (HDF5)","matfile (partial)","3","data|metadata|timestamps","data","5685760","9","double","409.37472","0.5","NaN","0.5","9","1","0","1","5685760","0","","0","NaN","1","1","11","SampleName|OpType|Operation|OperationType|Insert|EdgeID|Machine|Tool|New_Edge|Swarf|SwarfID|Coolant|fileVersion","MachineName","25600","1","28.2870998","","","","","2023-04-04 09:31:17","25600","80","30","1000","","0.05","1","","","","","","","","","","struct{Devices,Gain}","struct{Device,DeviceIndex,Channels,MeasurementType,RateLim,VariableName}","C - legacy layout, has metadata"
"6. FAST Ti-64 Rolled + Powder (Dennis)\4. Data\3-AA-MF-2023-3-23\3-AA-MF-2023-3-23-F2-30MPM_0.05feed_0.1DoC.mat","6. FAST Ti-64 Rolled + Powder (Dennis)\4. Data\3-AA-MF-2023-3-23","3-AA-MF-2023-3-23-F2-30MPM_0.05feed_0.1DoC.mat","C - legacy layout, has metadata","ok","","369.224316","2024-09-28 16:37:38","v7.3 (HDF5)","matfile (partial)","3","data|metadata|timestamps","data","5854720","9","double","421.53984","0.5","NaN","0.5","9","1","0","1","5854720","0","","0","NaN","1","1","11","SampleName|OpType|Operation|OperationType|Insert|EdgeID|Machine|Tool|New_Edge|Swarf|SwarfID|Coolant|fileVersion","MachineName","25600","1","87.9437738","","","","","2023-04-03 09:01:39","25600","80","30","1000","","0.05","0.1","","","","","","","","","","struct{Devices,Gain}","struct{Device,DeviceIndex,Channels,MeasurementType,RateLim,VariableName}","C - legacy layout, has metadata"
"6. FAST Ti-64 Rolled + Powder (Dennis)\4. Data\3-AA-MF-2023-3-23\3-AA-MF-2023-3-23-F3-30MPM_0.05feed_0.1DoC.mat","6. FAST Ti-64 Rolled + Powder (Dennis)\4. Data\3-AA-MF-2023-3-23","3-AA-MF-2023-3-23-F3-30MPM_0.05feed_0.1DoC.mat","C - legacy layout, has metadata","ok","","362.772081","2024-09-28 16:37:39","v7.3 (HDF5)","matfile (partial)","3","data|metadata|timestamps","data","5765120","9","double","415.08864","0.5","NaN","0.5","9","1","0","1","5765120","0","","0","NaN","1","1","11","SampleName|OpType|Operation|OperationType|Insert|EdgeID|Machine|Tool|New_Edge|Swarf|SwarfID|Coolant|fileVersion","MachineName","25600","1","67.7125419","","","","","2023-04-04 11:24:26","25600","80","30","1000","","0.05","0.1","","","","","","","","","","struct{Devices,Gain}","struct{Device,DeviceIndex,Channels,MeasurementType,RateLim,VariableName}","C - legacy layout, has metadata"
"6. FAST Ti-64 Rolled + Powder (Dennis)\4. Data\3-AA-MF-2023-3-23\3-AA-MF-2023-3-23-F4-30MPM_0.05feed_0.1DoC.mat","6. FAST Ti-64 Rolled + Powder (Dennis)\4. Data\3-AA-MF-2023-3-23","3-AA-MF-2023-3-23-F4-30MPM_0.05feed_0.1DoC.mat","C - legacy layout, has metadata","ok","","377.564078","2024-09-28 16:37:40","v7.3 (HDF5)","matfile (partial)","3","data|metadata|timestamps","data","6013440","9","double","432.96768","0.5","NaN","0.5","9","1","0","1","6013440","0","","0","NaN","1","1","11","SampleName|OpType|Operation|OperationType|Insert|EdgeID|Machine|Tool|New_Edge|Swarf|SwarfID|Coolant|fileVersion","MachineName","25600","1","9.1792869","","","","","2023-04-04 11:29:58","25600","80","30","1000","","0.05","0.1","","","","","","","","","","struct{Devices,Gain}","struct{Device,DeviceIndex,Channels,MeasurementType,RateLim,VariableName}","C - legacy layout, has metadata"
"6. FAST Ti-64 Rolled + Powder (Dennis)\4. Data\3-AA-MF-2023-3-23\CoolantRoughCutGeom+Pins.mat","6. FAST Ti-64 Rolled + Powder (Dennis)\4. Data\3-AA-MF-2023-3-23","CoolantRoughCutGeom+Pins.mat","C - legacy layout, has metadata","ok","","136.583424","2024-09-28 16:37:37","v7.3 (HDF5)","matfile (partial)","3","data|metadata|timestamps","data","3118080","9","double","224.50176","0.5","NaN","0.5","9","1","0","1","3118080","0","","0","NaN","1","1","11","SampleName|OpType|Operation|OperationType|Insert|EdgeID|Machine|Tool|New_Edge|Swarf|SwarfID|Coolant|fileVersion","MachineName","25600","1","8.4076607","","","","","2023-04-04 11:05:40","25600","80","30","1000","Collant Rough","0.1","1","","","","","","","","","","struct{Devices,Gain}","struct{Device,DeviceIndex,Channels,MeasurementType,RateLim,VariableName}","C - legacy layout, has metadata"
"6. FAST Ti-64 Rolled + Powder (Dennis)\4. Data\4-AA-MF-2023-3-23\4-AA-MF-2023-3-23-F2-30MPM_0.05feed_0.1DoC.mat","6. FAST Ti-64 Rolled + Powder (Dennis)\4. Data\4-AA-MF-2023-3-23","4-AA-MF-2023-3-23-F2-30MPM_0.05feed_0.1DoC.mat","C - legacy layout, has metadata","ok","","476.556084","2024-09-28 16:37:32","v6/v7","whos -file","3","DATA|VariableNames|metadata","DATA","5570560","13","double","579.33824","0.1","NaN","0.1","13","1","0","0","NaN","1","Time|Fx|Fy|Fz|Fx1|Fx2|Fy1|Fy2|Fz1|Fz2|Fz3|Fz4|Tacho (ai0)","0","NaN","1","1","11","SampleName|OpType|Operation|OperationType|Insert|EdgeID|Machine|Tool|New_Edge|Swarf|SwarfID|Coolant|fileVersion","MachineName","25600","1","48.1805364","","","","","2023-03-30 15:33:19","25600","80","30","1000","","0.05","0.1","","","","","","","","","","struct{Devices,Gain}","struct{Device,DeviceIndex,Channels,MeasurementType,RateLim,VariableName}","C - legacy layout, has metadata"
"6. FAST Ti-64 Rolled + Powder (Dennis)\4. Data\4-AA-MF-2023-3-23\4-AA-MF-2023-3-23-F4-30MPM_0.05feed_0.1DoC.mat","6. FAST Ti-64 Rolled + Powder (Dennis)\4. Data\4-AA-MF-2023-3-23","4-AA-MF-2023-3-23-F4-30MPM_0.05feed_0.1DoC.mat","C - legacy layout, has metadata","ok","","387.134633","2024-09-28 16:37:31","v7.3 (HDF5)","matfile (partial)","3","data|metadata|timestamps","data","6200320","9","double","446.42304","0.5","NaN","0.5","9","1","0","1","6200320","0","","0","NaN","1","1","11","SampleName|OpType|Operation|OperationType|Insert|EdgeID|Machine|Tool|New_Edge|Swarf|SwarfID|Coolant|fileVersion","MachineName","25600","1","83.4204202","","","","","2023-03-30 15:40:52","25600","80","30","1000","","0.05","0.1","","","","","","","","","","struct{Devices,Gain}","struct{Device,DeviceIndex,Channels,MeasurementType,RateLim,VariableName}","C - legacy layout, has metadata"
"6. FAST Ti-64 Rolled + Powder (Dennis)\4. Data\4-AA-MF-2023-3-23\4-AA-MF-2023-3-23-F5-30MPM_0.05feed_0.1DoC.mat","6. FAST Ti-64 Rolled + Powder (Dennis)\4. Data\4-AA-MF-2023-3-23","4-AA-MF-2023-3-23-F5-30MPM_0.05feed_0.1DoC.mat","C - legacy layout, has metadata","ok","","332.561506","2024-09-28 16:37:30","v7.3 (HDF5)","matfile (partial)","3","data|metadata|timestamps","data","5562880","9","double","400.52736","0.5","NaN","0.5","9","1","0","1","5562880","0","","0","NaN","1","1","11","SampleName|OpType|Operation|OperationType|Insert|EdgeID|Machine|Tool|New_Edge|Swarf|SwarfID|Coolant|fileVersion","MachineName","25600","1","40.5288474","","","","","2023-03-30 15:48:57","25600","80","30","1000","","0.05","0.1","","","","","","","","","","struct{Devices,Gain}","struct{Device,DeviceIndex,Channels,MeasurementType,RateLim,VariableName}","C - legacy layout, has metadata"
"6. FAST Ti-64 Rolled + Powder (Dennis)\4. Data\4-AA-MF-2023-3-23\4-AA-MF-2023-3-23-F6-30MPM_0.05feed_0.1DoC.mat","6. FAST Ti-64 Rolled + Powder (Dennis)\4. Data\4-AA-MF-2023-3-23","4-AA-MF-2023-3-23-F6-30MPM_0.05feed_0.1DoC.mat","C - legacy layout, has metadata","ok","","370.19087","2024-09-28 16:37:34","v7.3 (HDF5)","matfile (partial)","3","data|metadata|timestamps","data","6133760","9","double","441.63072","0.5","NaN","0.5","9","1","0","1","6133760","0","","0","NaN","1","1","11","SampleName|OpType|Operation|OperationType|Insert|EdgeID|Machine|Tool|New_Edge|Swarf|SwarfID|Coolant|fileVersion","MachineName","25600","1","84.3988274","","","","","2023-04-04 13:00:03","25600","80","30","1000","Coolant on","0.05","1","","","","","","","","","","struct{Devices,Gain}","struct{Device,DeviceIndex,Channels,MeasurementType,RateLim,VariableName}","C - legacy layout, has metadata"
"6. FAST Ti-64 Rolled + Powder (Dennis)\4. Data\4-AA-MF-2023-3-23\4-AA-MF-2023-3-23-F7-30MPM_0.05feed_0.1DoC.mat","6. FAST Ti-64 Rolled + Powder (Dennis)\4. Data\4-AA-MF-2023-3-23","4-AA-MF-2023-3-23-F7-30MPM_0.05feed_0.1DoC.mat","C - legacy layout, has metadata","ok","","371.337796","2024-09-28 16:37:35","v7.3 (HDF5)","matfile (partial)","3","data|metadata|timestamps","data","5941760","9","double","427.80672","0.5","NaN","0.5","9","1","0","1","5941760","0","","0","NaN","1","1","11","SampleName|OpType|Operation|OperationType|Insert|EdgeID|Machine|Tool|New_Edge|Swarf|SwarfID|Coolant|fileVersion","MachineName","25600","1","19.4484947","","","","","2023-04-04 13:06:02","25600","80","30","1000","Coolant OFF","0.05","1","","","","","","","","","","struct{Devices,Gain}","struct{Device,DeviceIndex,Channels,MeasurementType,RateLim,VariableName}","C - legacy layout, has metadata"
"6. FAST Ti-64 Rolled + Powder (Dennis)\4. Data\4-AA-MF-2023-3-23\CoolantRoughCutFASTControl_over range error.mat","6. FAST Ti-64 Rolled + Powder (Dennis)\4. Data\4-AA-MF-2023-3-23","CoolantRoughCutFASTControl_over range error.mat","C - legacy layout, has metadata","ok","","169.282421","2024-09-28 16:37:33","v7.3 (HDF5)","matfile (partial)","3","data|metadata|timestamps","data","3138560","9","double","225.97632","0.5","NaN","0.5","9","1","0","1","3138560","0","","0","NaN","1","1","11","SampleName|OpType|Operation|OperationType|Insert|EdgeID|Machine|Tool|New_Edge|Swarf|SwarfID|Coolant|fileVersion","MachineName","25600","1","14.317219","","","","","2023-04-04 11:59:02","25600","80","30","1000","Roughing w/ coolant","0.1","1","","","","","","","","","","struct{Devices,Gain}","struct{Device,DeviceIndex,Channels,MeasurementType,RateLim,VariableName}","C - legacy layout, has metadata"
"6. FAST Ti-64 Rolled + Powder (Dennis)\4. Data\5-AA-MF-2023-3-23\5-AA-MF-2023-3-23-F2-30MPM_0.05feed_0.1DoC.mat","6. FAST Ti-64 Rolled + Powder (Dennis)\4. Data\5-AA-MF-2023-3-23","5-AA-MF-2023-3-23-F2-30MPM_0.05feed_0.1DoC.mat","C - legacy layout, has metadata","ok","","359.329949","2024-09-28 16:37:28","v7.3 (HDF5)","matfile (partial)","3","data|metadata|timestamps","data","5701120","9","double","410.48064","0.5","NaN","0.5","9","1","0","1","5701120","0","","0","NaN","1","1","11","SampleName|OpType|Operation|OperationType|Insert|EdgeID|Machine|Tool|New_Edge|Swarf|SwarfID|Coolant|fileVersion","MachineName","25600","1","40.2124672","","","","","2023-04-03 09:20:44","25600","80","30","1000","","0.05","0.1","","","","","","","","","","struct{Devices,Gain}","struct{Device,DeviceIndex,Channels,MeasurementType,RateLim,VariableName}","C - legacy layout, has metadata"
"6. FAST Ti-64 Rolled + Powder (Dennis)\4. Data\7-AA-MF-2023-3-23\7-AA-MF-2023-3-23-F1-30MPM_0.05feed_0.1DoC.mat","6. FAST Ti-64 Rolled + Powder (Dennis)\4. Data\7-AA-MF-2023-3-23","7-AA-MF-2023-3-23-F1-30MPM_0.05feed_0.1DoC.mat","C - legacy layout, has metadata","ok","","325.576472","2024-09-28 16:37:26","v7.3 (HDF5)","matfile (partial)","3","data|metadata|timestamps","data","5153280","9","double","371.03616","0.5","NaN","0.5","9","1","0","1","5153280","0","","0","NaN","1","1","11","SampleName|OpType|Operation|OperationType|Insert|EdgeID|Machine|Tool|New_Edge|Swarf|SwarfID|Coolant|fileVersion","MachineName","25600","1","51.3260228","","","","","2023-03-30 15:57:12","25600","80","30","1000","","0.05","0.1","","","","","","","","","","struct{Devices,Gain}","struct{Device,DeviceIndex,Channels,MeasurementType,RateLim,VariableName}","C - legacy layout, has metadata"
"6. FAST Ti-64 Rolled + Powder (Dennis)\4. Data\7-AA-MF-2023-3-23\7-AA-MF-2023-3-23-F2-30MPM_0.05feed_0.1DoC.mat","6. FAST Ti-64 Rolled + Powder (Dennis)\4. Data\7-AA-MF-2023-3-23","7-AA-MF-2023-3-23-F2-30MPM_0.05feed_0.1DoC.mat","C - legacy layout, has metadata","ok","","363.622383","2024-09-28 16:37:23","v7.3 (HDF5)","matfile (partial)","3","data|metadata|timestamps","data","5754880","9","double","414.35136","0.5","NaN","0.5","9","1","0","1","5754880","0","","0","NaN","1","1","11","SampleName|OpType|Operation|OperationType|Insert|EdgeID|Machine|Tool|New_Edge|Swarf|SwarfID|Coolant|fileVersion","MachineName","25600","1","18.1431887","","","","","2023-04-03 08:17:23","25600","80","30","1000","","0.05","0.1","","","","","","","","","","struct{Devices,Gain}","struct{Device,DeviceIndex,Channels,MeasurementType,RateLim,VariableName}","C - legacy layout, has metadata"
"6. FAST Ti-64 Rolled + Powder (Dennis)\4. Data\7-AA-MF-2023-3-23\7-AA-MF-2023-3-23-F3-30MPM_0.05feed_0.1DoC.mat","6. FAST Ti-64 Rolled + Powder (Dennis)\4. Data\7-AA-MF-2023-3-23","7-AA-MF-2023-3-23-F3-30MPM_0.05feed_0.1DoC.mat","C - legacy layout, has metadata","ok","","362.551545","2024-09-28 16:37:24","v7.3 (HDF5)","matfile (partial)","3","data|metadata|timestamps","data","5811200","9","double","418.4064","0.5","NaN","0.5","9","1","0","1","5811200","0","","0","NaN","1","1","11","SampleName|OpType|Operation|OperationType|Insert|EdgeID|Machine|Tool|New_Edge|Swarf|SwarfID|Coolant|fileVersion","MachineName","25600","1","49.3829223","","","","","2023-04-04 14:04:36","25600","80","30","1000","Rough cut, Coolant ON","0.05","0.1","","","","","","","","","","struct{Devices,Gain}","struct{Device,DeviceIndex,Channels,MeasurementType,RateLim,VariableName}","C - legacy layout, has metadata"
"6. FAST Ti-64 Rolled + Powder (Dennis)\4. Data\7-AA-MF-2023-3-23\7-AA-MF-2023-3-23-F4-30MPM_0.05feed_0.1DoC.mat","6. FAST Ti-64 Rolled + Powder (Dennis)\4. Data\7-AA-MF-2023-3-23","7-AA-MF-2023-3-23-F4-30MPM_0.05feed_0.1DoC.mat","C - legacy layout, has metadata","ok","","361.054127","2024-09-28 16:37:25","v7.3 (HDF5)","matfile (partial)","3","data|metadata|timestamps","data","5729280","9","double","412.50816","0.5","NaN","0.5","9","1","0","1","5729280","0","","0","NaN","1","1","11","SampleName|OpType|Operation|OperationType|Insert|EdgeID|Machine|Tool|New_Edge|Swarf|SwarfID|Coolant|fileVersion","MachineName","25600","1","23.1023482","","","","","2023-04-04 14:10:41","25600","80","30","1000","Coolant OFF","0.05","0.1","","","","","","","","","","struct{Devices,Gain}","struct{Device,DeviceIndex,Channels,MeasurementType,RateLim,VariableName}","C - legacy layout, has metadata"
"6. FAST Ti-64 Rolled + Powder (Dennis)\4. Data\7-AA-MF-2023-3-23\CoolantRoughCutPinsOnly.mat","6. FAST Ti-64 Rolled + Powder (Dennis)\4. Data\7-AA-MF-2023-3-23","CoolantRoughCutPinsOnly.mat","C - legacy layout, has metadata","ok","","120.033216","2024-09-28 16:37:22","v7.3 (HDF5)","matfile (partial)","3","data|metadata|timestamps","data","2816000","9","double","202.752","0.5","NaN","0.5","9","1","0","1","2816000","0","","0","NaN","1","1","11","SampleName|OpType|Operation|OperationType|Insert|EdgeID|Machine|Tool|New_Edge|Swarf|SwarfID|Coolant|fileVersion","MachineName","25600","1","1.7632082","","","","","2023-04-04 13:56:27","25600","80","30","1000","Rough cut, Coolant ON","0.1","1","","","","","","","","","","struct{Devices,Gain}","struct{Device,DeviceIndex,Channels,MeasurementType,RateLim,VariableName}","C - legacy layout, has metadata"
"6. FAST Ti-64 Rolled + Powder (Dennis)\4. Data\9-AA-MR-2023-3-24\9-AA-MR-2023-3-24-F25-30MPM_0.05feed_0.1DoC.mat","6. FAST Ti-64 Rolled + Powder (Dennis)\4. Data\9-AA-MR-2023-3-24","9-AA-MR-2023-3-24-F25-30MPM_0.05feed_0.1DoC.mat","C - legacy layout, has metadata","ok","","338.753119","2024-09-28 16:36:47","v7.3 (HDF5)","matfile (partial)","3","data|metadata|timestamps","data","5742080","9","double","413.42976","0.5","NaN","0.5","9","1","0","1","5742080","0","","0","NaN","1","1","11","SampleName|OpType|Operation|OperationType|Insert|EdgeID|Machine|Tool|New_Edge|Swarf|SwarfID|Coolant|fileVersion","MachineName","25600","1","4.7203433","","","","","2023-04-04 13:26:17","25600","80","30","1000","Coolant ON","0.05","0.1","","","","","","","","","","struct{Devices,Gain}","struct{Device,DeviceIndex,Channels,MeasurementType,RateLim,VariableName}","C - legacy layout, has metadata"
"6. FAST Ti-64 Rolled + Powder (Dennis)\4. Data\9-AA-MR-2023-3-24\9-AA-MR-2023-3-24-F26-30MPM_0.05feed_0.1DoC.mat","6. FAST Ti-64 Rolled + Powder (Dennis)\4. Data\9-AA-MR-2023-3-24","9-AA-MR-2023-3-24-F26-30MPM_0.05feed_0.1DoC.mat","C - legacy layout, has metadata","ok","","359.091492","2026-07-05 03:05:35","v7.3 (HDF5)","matfile (partial)","3","data|metadata|timestamps","data","5742080","9","double","413.42976","0.5","NaN","0.5","9","1","0","1","5742080","0","","0","NaN","1","1","19","Operation|OperationType|EdgeID|SwarfID|fileVersion","MachineName","25600","1","5.1839796","9-AA-MR-2023-3-24","","","","04-Apr-2023 13:31:55","25600","80","30","1000","Coolant OFF","0.05","0.1","","","","","false","false","","30.23","","struct{Devices,Gain}","struct{Device,DeviceIndex,Channels,MeasurementType,RateLim,VariableName}","C - legacy layout, has metadata"
"6. FAST Ti-64 Rolled + Powder (Dennis)\4. Data\9-AA-MR-2023-3-24\Parametric Study\Coated\9-AA-MR-2023-3-24-F10-30MPM_0.05feed_0.1DoC.mat","6. FAST Ti-64 Rolled + Powder (Dennis)\4. Data\9-AA-MR-2023-3-24\Parametric Study\Coated","9-AA-MR-2023-3-24-F10-30MPM_0.05feed_0.1DoC.mat","C - legacy layout, has metadata","ok","","378.296268","2024-09-28 16:36:57","v7.3 (HDF5)","matfile (partial)","3","data|metadata|timestamps","data","6044160","9","double","435.17952","0.5","NaN","0.5","9","1","0","1","6044160","0","","0","NaN","1","1","11","SampleName|OpType|Operation|OperationType|Insert|EdgeID|Machine|Tool|New_Edge|Swarf|SwarfID|Coolant|fileVersion","MachineName","25600","1","5.3428029","","","","","2023-03-30 09:33:16","25600","80","30","1000","","0.05","0.1","","","","","","","","","","struct{Devices,Gain}","struct{Device,DeviceIndex,Channels,MeasurementType,RateLim,VariableName}","C - legacy layout, has metadata"
"6. FAST Ti-64 Rolled + Powder (Dennis)\4. Data\9-AA-MR-2023-3-24\Parametric Study\Coated\9-AA-MR-2023-3-24-F11-30MPM_0.05feed_0.1DoC.mat","6. FAST Ti-64 Rolled + Powder (Dennis)\4. Data\9-AA-MR-2023-3-24\Parametric Study\Coated","9-AA-MR-2023-3-24-F11-30MPM_0.05feed_0.1DoC.mat","C - legacy layout, has metadata","ok","","360.924429","2024-09-28 16:36:54","v7.3 (HDF5)","matfile (partial)","3","data|metadata|timestamps","data","5754880","9","double","414.35136","0.5","NaN","0.5","9","1","0","1","5754880","0","","0","NaN","1","1","11","SampleName|OpType|Operation|OperationType|Insert|EdgeID|Machine|Tool|New_Edge|Swarf|SwarfID|Coolant|fileVersion","MachineName","25600","1","5.1267286","","","","","2023-03-30 09:39:20","25600","80","30","1000","","0.05","0.1","","","","","","","","","","struct{Devices,Gain}","struct{Device,DeviceIndex,Channels,MeasurementType,RateLim,VariableName}","C - legacy layout, has metadata"
"6. FAST Ti-64 Rolled + Powder (Dennis)\4. Data\9-AA-MR-2023-3-24\Parametric Study\Coated\9-AA-MR-2023-3-24-F12-40MPM_0.05feed_0.1DoC.mat","6. FAST Ti-64 Rolled + Powder (Dennis)\4. Data\9-AA-MR-2023-3-24\Parametric Study\Coated","9-AA-MR-2023-3-24-F12-40MPM_0.05feed_0.1DoC.mat","C - legacy layout, has metadata","ok","","275.205733","2024-09-28 16:36:53","v7.3 (HDF5)","matfile (partial)","3","data|metadata|timestamps","data","4385280","9","double","315.74016","0.5","NaN","0.5","9","1","0","1","4385280","0","","0","NaN","1","1","11","SampleName|OpType|Operation|OperationType|Insert|EdgeID|Machine|Tool|New_Edge|Swarf|SwarfID|Coolant|fileVersion","MachineName","25600","1","3.8113948","","","","","2023-03-30 09:45:26","25600","80","40","1000","","0.05","0.1","","","","","","","","","","struct{Devices,Gain}","struct{Device,DeviceIndex,Channels,MeasurementType,RateLim,VariableName}","C - legacy layout, has metadata"
"6. FAST Ti-64 Rolled + Powder (Dennis)\4. Data\9-AA-MR-2023-3-24\Parametric Study\Coated\9-AA-MR-2023-3-24-F13-60MPM_0.05feed_0.1DoC.mat","6. FAST Ti-64 Rolled + Powder (Dennis)\4. Data\9-AA-MR-2023-3-24\Parametric Study\Coated","9-AA-MR-2023-3-24-F13-60MPM_0.05feed_0.1DoC.mat","C - legacy layout, has metadata","ok","","193.572498","2024-09-28 16:36:52","v7.3 (HDF5)","matfile (partial)","3","data|metadata|timestamps","data","3082240","9","double","221.92128","0.5","NaN","0.5","9","1","0","1","3082240","0","","0","NaN","1","1","11","SampleName|OpType|Operation|OperationType|Insert|EdgeID|Machine|Tool|New_Edge|Swarf|SwarfID|Coolant|fileVersion","MachineName","25600","1","2.7088958","","","","","2023-03-30 09:50:42","25600","80","60","1000","","0.05","0.1","","","","","","","","","","struct{Devices,Gain}","struct{Device,DeviceIndex,Channels,MeasurementType,RateLim,VariableName}","C - legacy layout, has metadata"
"6. FAST Ti-64 Rolled + Powder (Dennis)\4. Data\9-AA-MR-2023-3-24\Parametric Study\Coated\9-AA-MR-2023-3-24-F14-60MPM_0.05feed_0.1DoC.mat","6. FAST Ti-64 Rolled + Powder (Dennis)\4. Data\9-AA-MR-2023-3-24\Parametric Study\Coated","9-AA-MR-2023-3-24-F14-60MPM_0.05feed_0.1DoC.mat","C - legacy layout, has metadata","ok","","197.026213","2024-09-28 16:36:51","v7.3 (HDF5)","matfile (partial)","3","data|metadata|timestamps","data","3138560","9","double","225.97632","0.5","NaN","0.5","9","1","0","1","3138560","0","","0","NaN","1","1","11","SampleName|OpType|Operation|OperationType|Insert|EdgeID|Machine|Tool|New_Edge|Swarf|SwarfID|Coolant|fileVersion","MachineName","25600","1","2.7217381","","","","","2023-03-30 11:05:48","25600","80","60","1000","","0.05","0.1","","","","","","","","","","struct{Devices,Gain}","struct{Device,DeviceIndex,Channels,MeasurementType,RateLim,VariableName}","C - legacy layout, has metadata"
"6. FAST Ti-64 Rolled + Powder (Dennis)\4. Data\9-AA-MR-2023-3-24\Parametric Study\Coated\9-AA-MR-2023-3-24-F15-80MPM_0.05feed_0.1DoC.mat","6. FAST Ti-64 Rolled + Powder (Dennis)\4. Data\9-AA-MR-2023-3-24\Parametric Study\Coated","9-AA-MR-2023-3-24-F15-80MPM_0.05feed_0.1DoC.mat","C - legacy layout, has metadata","ok","","163.17319","2024-09-28 16:36:50","v7.3 (HDF5)","matfile (partial)","3","data|metadata|timestamps","data","2598400","9","double","187.0848","0.5","NaN","0.5","9","1","0","1","2598400","0","","0","NaN","1","1","11","SampleName|OpType|Operation|OperationType|Insert|EdgeID|Machine|Tool|New_Edge|Swarf|SwarfID|Coolant|fileVersion","MachineName","25600","1","2.3648578","","","","","2023-03-30 11:12:39","25600","80","80","1000","","0.05","0.1","","","","","","","","","","struct{Devices,Gain}","struct{Device,DeviceIndex,Channels,MeasurementType,RateLim,VariableName}","C - legacy layout, has metadata"
"6. FAST Ti-64 Rolled + Powder (Dennis)\4. Data\9-AA-MR-2023-3-24\Parametric Study\Coated\9-AA-MR-2023-3-24-F16-100MPM_0.05feed_0.1DoC.mat","6. FAST Ti-64 Rolled + Powder (Dennis)\4. Data\9-AA-MR-2023-3-24\Parametric Study\Coated","9-AA-MR-2023-3-24-F16-100MPM_0.05feed_0.1DoC.mat","C - legacy layout, has metadata","ok","","158.093738","2024-09-28 16:36:49","v7.3 (HDF5)","matfile (partial)","3","data|metadata|timestamps","data","2524160","9","double","181.73952","0.5","NaN","0.5","9","1","0","1","2524160","0","","0","NaN","1","1","11","SampleName|OpType|Operation|OperationType|Insert|EdgeID|Machine|Tool|New_Edge|Swarf|SwarfID|Coolant|fileVersion","MachineName","25600","1","102.4537652","","","","","2023-03-30 11:20:36","25600","80","100","1000","","0.05","0.1","","","","","","","","","","struct{Devices,Gain}","struct{Device,DeviceIndex,Channels,MeasurementType,RateLim,VariableName}","C - legacy layout, has metadata"
"6. FAST Ti-64 Rolled + Powder (Dennis)\4. Data\9-AA-MR-2023-3-24\Parametric Study\Coated\9-AA-MR-2023-3-24-F9-20MPM_0.05feed_0.1DoC.mat","6. FAST Ti-64 Rolled + Powder (Dennis)\4. Data\9-AA-MR-2023-3-24\Parametric Study\Coated","9-AA-MR-2023-3-24-F9-20MPM_0.05feed_0.1DoC.mat","C - legacy layout, has metadata","ok","","535.952134","2024-09-28 16:36:56","v7.3 (HDF5)","matfile (partial)","3","data|metadata|timestamps","data","8599040","9","double","619.13088","0.5","NaN","0.5","9","1","0","1","8599040","0","","0","NaN","1","1","11","SampleName|OpType|Operation|OperationType|Insert|EdgeID|Machine|Tool|New_Edge|Swarf|SwarfID|Coolant|fileVersion","MachineName","25600","1","54.6881769","","","","","2023-03-30 09:25:46","25600","80","20","1000","","0.05","0.1","","","","","","","","","","struct{Devices,Gain}","struct{Device,DeviceIndex,Channels,MeasurementType,RateLim,VariableName}","C - legacy layout, has metadata"
"6. FAST Ti-64 Rolled + Powder (Dennis)\4. Data\9-AA-MR-2023-3-24\Parametric Study\PCD\9-AA-MR-2023-3-24-F17-40MPM_0.05feed_0.1DoC.mat","6. FAST Ti-64 Rolled + Powder (Dennis)\4. Data\9-AA-MR-2023-3-24\Parametric Study\PCD","9-AA-MR-2023-3-24-F17-40MPM_0.05feed_0.1DoC.mat","C - legacy layout, has metadata","ok","","269.66117","2024-09-28 16:37:14","v7.3 (HDF5)","matfile (partial)","3","data|metadata|timestamps","data","4257280","9","double","306.52416","0.5","NaN","0.5","9","1","0","1","4257280","0","","0","NaN","1","1","11","SampleName|OpType|Operation|OperationType|Insert|EdgeID|Machine|Tool|New_Edge|Swarf|SwarfID|Coolant|fileVersion","MachineName","25600","1","58.6966927","","","","","2023-03-30 11:51:51","25600","80","40","1000","","0.05","0.1","","","","","","","","","","struct{Devices,Gain}","struct{Device,DeviceIndex,Channels,MeasurementType,RateLim,VariableName}","C - legacy layout, has metadata"
"6. FAST Ti-64 Rolled + Powder (Dennis)\4. Data\9-AA-MR-2023-3-24\Parametric Study\PCD\9-AA-MR-2023-3-24-F18-40MPM_0.017feed_0.1DoC.mat","6. FAST Ti-64 Rolled + Powder (Dennis)\4. Data\9-AA-MR-2023-3-24\Parametric Study\PCD","9-AA-MR-2023-3-24-F18-40MPM_0.017feed_0.1DoC.mat","C - legacy layout, has metadata","ok","","771.194863","2024-09-28 16:37:15","v7.3 (HDF5)","matfile (partial)","3","data|metadata|timestamps","data","12259840","9","double","882.70848","0.5","NaN","0.5","9","1","0","1","12259840","0","","0","NaN","1","1","11","SampleName|OpType|Operation|OperationType|Insert|EdgeID|Machine|Tool|New_Edge|Swarf|SwarfID|Coolant|fileVersion","MachineName","25600","1","24.1788985","","","","","2023-03-30 13:06:29","25600","80","40","1000","","0.017","0.1","","","","","","","","","","struct{Devices,Gain}","struct{Device,DeviceIndex,Channels,MeasurementType,RateLim,VariableName}","C - legacy layout, has metadata"
"6. FAST Ti-64 Rolled + Powder (Dennis)\4. Data\9-AA-MR-2023-3-24\Parametric Study\PCD\9-AA-MR-2023-3-24-F19-80MPM_0.05feed_0.1DoC.mat","6. FAST Ti-64 Rolled + Powder (Dennis)\4. Data\9-AA-MR-2023-3-24\Parametric Study\PCD","9-AA-MR-2023-3-24-F19-80MPM_0.05feed_0.1DoC.mat","C - legacy layout, has metadata","ok","","158.840191","2024-09-28 16:37:16","v7.3 (HDF5)","matfile (partial)","3","data|metadata|timestamps","data","2529280","9","double","182.10816","0.5","NaN","0.5","9","1","0","1","2529280","0","","0","NaN","1","1","11","SampleName|OpType|Operation|OperationType|Insert|EdgeID|Machine|Tool|New_Edge|Swarf|SwarfID|Coolant|fileVersion","MachineName","25600","1","49.838038","","","","","2023-03-30 13:24:26","25600","80","40","1000","","0.05","0.1","","","","","","","","","","struct{Devices,Gain}","struct{Device,DeviceIndex,Channels,MeasurementType,RateLim,VariableName}","C - legacy layout, has metadata"
"6. FAST Ti-64 Rolled + Powder (Dennis)\4. Data\9-AA-MR-2023-3-24\Parametric Study\PCD\9-AA-MR-2023-3-24-F20-20MPM_0.05feed_0.1DoC.mat","6. FAST Ti-64 Rolled + Powder (Dennis)\4. Data\9-AA-MR-2023-3-24\Parametric Study\PCD","9-AA-MR-2023-3-24-F20-20MPM_0.05feed_0.1DoC.mat","C - legacy layout, has metadata","ok","","519.37008","2024-09-28 16:37:18","v7.3 (HDF5)","matfile (partial)","3","data|metadata|timestamps","data","8258560","9","double","594.61632","0.5","NaN","0.5","9","1","0","1","8258560","0","","0","NaN","1","1","11","SampleName|OpType|Operation|OperationType|Insert|EdgeID|Machine|Tool|New_Edge|Swarf|SwarfID|Coolant|fileVersion","MachineName","25600","1","23.7276912","","","","","2023-03-30 13:39:30","25600","80","20","1000","","0.1","0.1","","","","","","","","","","struct{Devices,Gain}","struct{Device,DeviceIndex,Channels,MeasurementType,RateLim,VariableName}","C - legacy layout, has metadata"
"6. FAST Ti-64 Rolled + Powder (Dennis)\4. Data\9-AA-MR-2023-3-24\Parametric Study\PCD\9-AA-MR-2023-3-24-F21-60MPM_0.05feed_0.1DoC.mat","6. FAST Ti-64 Rolled + Powder (Dennis)\4. Data\9-AA-MR-2023-3-24\Parametric Study\PCD","9-AA-MR-2023-3-24-F21-60MPM_0.05feed_0.1DoC.mat","C - legacy layout, has metadata","ok","","216.52654","2024-09-28 16:37:19","v7.3 (HDF5)","matfile (partial)","3","data|metadata|timestamps","data","3476480","9","double","250.30656","0.5","NaN","0.5","9","1","0","1","3476480","0","","0","NaN","1","1","11","SampleName|OpType|Operation|OperationType|Insert|EdgeID|Machine|Tool|New_Edge|Swarf|SwarfID|Coolant|fileVersion","MachineName","25600","1","76.0748651","","","","","2023-03-30 14:13:44","25600","80","60","1000","","0.1","0.1","","","","","","","","","","struct{Devices,Gain}","struct{Device,DeviceIndex,Channels,MeasurementType,RateLim,VariableName}","C - legacy layout, has metadata"
"6. FAST Ti-64 Rolled + Powder (Dennis)\4. Data\9-AA-MR-2023-3-24\Parametric Study\PCD\9-AA-MR-2023-3-24-F22-30MPM_0.05feed_0.1DoC.mat","6. FAST Ti-64 Rolled + Powder (Dennis)\4. Data\9-AA-MR-2023-3-24\Parametric Study\PCD","9-AA-MR-2023-3-24-F22-30MPM_0.05feed_0.1DoC.mat","C - legacy layout, has metadata","ok","","360.957034","2024-09-28 16:37:20","v7.3 (HDF5)","matfile (partial)","3","data|metadata|timestamps","data","5747200","9","double","413.7984","0.5","NaN","0.5","9","1","0","1","5747200","0","","0","NaN","1","1","11","SampleName|OpType|Operation|OperationType|Insert|EdgeID|Machine|Tool|New_Edge|Swarf|SwarfID|Coolant|fileVersion","MachineName","25600","1","98.258778","","","","","2023-03-30 14:21:04","25600","80","30","1000","","0.05","0.1","","","","","","","","","","struct{Devices,Gain}","struct{Device,DeviceIndex,Channels,MeasurementType,RateLim,VariableName}","C - legacy layout, has metadata"
"6. FAST Ti-64 Rolled + Powder (Dennis)\4. Data\9-AA-MR-2023-3-24\Parametric Study\PCD\9-AA-MR-2023-3-24-F23-100MPM_0.05feed_0.1DoC.mat","6. FAST Ti-64 Rolled + Powder (Dennis)\4. Data\9-AA-MR-2023-3-24\Parametric Study\PCD","9-AA-MR-2023-3-24-F23-100MPM_0.05feed_0.1DoC.mat","C - legacy layout, has metadata","ok","","128.354289","2024-09-28 16:37:13","v7.3 (HDF5)","matfile (partial)","3","data|metadata|timestamps","data","2037760","9","double","146.71872","0.5","NaN","0.5","9","1","0","1","2037760","0","","0","NaN","1","1","11","SampleName|OpType|Operation|OperationType|Insert|EdgeID|Machine|Tool|New_Edge|Swarf|SwarfID|Coolant|fileVersion","MachineName","25600","1","18.9808952","","","","","2023-03-30 14:30:08","25600","80","100","1000","","0.05","0.1","","","","","","","","","","struct{Devices,Gain}","struct{Device,DeviceIndex,Channels,MeasurementType,RateLim,VariableName}","C - legacy layout, has metadata"
"6. FAST Ti-64 Rolled + Powder (Dennis)\4. Data\9-AA-MR-2023-3-24\Parametric Study\PCD\9-AA-MR-2023-3-24-F24-200MPM_0.017feed_0.1DoC.mat","6. FAST Ti-64 Rolled + Powder (Dennis)\4. Data\9-AA-MR-2023-3-24\Parametric Study\PCD","9-AA-MR-2023-3-24-F24-200MPM_0.017feed_0.1DoC.mat","C - legacy layout, has metadata","ok","","173.194553","2024-09-28 16:37:12","v7.3 (HDF5)","matfile (partial)","3","data|metadata|timestamps","data","2741760","9","double","197.40672","0.5","NaN","0.5","9","1","0","1","2741760","0","","0","NaN","1","1","11","SampleName|OpType|Operation|OperationType|Insert|EdgeID|Machine|Tool|New_Edge|Swarf|SwarfID|Coolant|fileVersion","MachineName","25600","1","51.0077774","","","","","2023-03-30 14:34:49","25600","80","200","4000","","0.017","0.1","","","","","","","","","","struct{Devices,Gain}","struct{Device,DeviceIndex,Channels,MeasurementType,RateLim,VariableName}","C - legacy layout, has metadata"
"6. FAST Ti-64 Rolled + Powder (Dennis)\4. Data\9-AA-MR-2023-3-24\Parametric Study\Uncoated\9-AA-MR-2023-3-24-F1-30MPM_0.1feed_0.1DoC.mat","6. FAST Ti-64 Rolled + Powder (Dennis)\4. Data\9-AA-MR-2023-3-24\Parametric Study\Uncoated","9-AA-MR-2023-3-24-F1-30MPM_0.1feed_0.1DoC.mat","C - legacy layout, has metadata","ok","","178.330116","2024-09-28 16:37:09","v7.3 (HDF5)","matfile (partial)","3","data|metadata|timestamps","data","2854400","9","double","205.5168","0.5","NaN","0.5","9","1","0","1","2854400","0","","0","NaN","1","1","9","SampleName|OpType|Operation|OperationType|Feed|DepthOfCut|Insert|EdgeID|Machine|Tool|New_Edge|Swarf|SwarfID|Coolant|fileVersion","MachineName","25600","1","18.4060772","","","","","2023-03-29 14:25:44","25600","80","30","1000","","","","","","","","","","","","","struct{Devices,Gain}","struct{Device,DeviceIndex,Channels,MeasurementType,RateLim,VariableName}","C - legacy layout, has metadata"
"6. FAST Ti-64 Rolled + Powder (Dennis)\4. Data\9-AA-MR-2023-3-24\Parametric Study\Uncoated\9-AA-MR-2023-3-24-F2-30MPM_0.05feed_0.1DoC.mat","6. FAST Ti-64 Rolled + Powder (Dennis)\4. Data\9-AA-MR-2023-3-24\Parametric Study\Uncoated","9-AA-MR-2023-3-24-F2-30MPM_0.05feed_0.1DoC.mat","C - legacy layout, has metadata","ok","","351.142057","2024-09-28 16:37:07","v7.3 (HDF5)","matfile (partial)","3","data|metadata|timestamps","data","5601280","9","double","403.29216","0.5","NaN","0.5","9","1","0","1","5601280","0","","0","NaN","1","1","9","SampleName|OpType|Operation|OperationType|Feed|DepthOfCut|Insert|EdgeID|Machine|Tool|New_Edge|Swarf|SwarfID|Coolant|fileVersion","MachineName","25600","1","51.2992422","","","","","2023-03-29 14:38:56","25600","80","30","1000","","","","","","","","","","","","","struct{Devices,Gain}","struct{Device,DeviceIndex,Channels,MeasurementType,RateLim,VariableName}","C - legacy layout, has metadata"
"6. FAST Ti-64 Rolled + Powder (Dennis)\4. Data\9-AA-MR-2023-3-24\Parametric Study\Uncoated\9-AA-MR-2023-3-24-F3-40MPM_0.05feed_0.1DoC.mat","6. FAST Ti-64 Rolled + Powder (Dennis)\4. Data\9-AA-MR-2023-3-24\Parametric Study\Uncoated","9-AA-MR-2023-3-24-F3-40MPM_0.05feed_0.1DoC.mat","C - legacy layout, has metadata","ok","","270.753458","2024-09-28 16:37:05","v7.3 (HDF5)","matfile (partial)","3","data|metadata|timestamps","data","4318720","9","double","310.94784","0.5","NaN","0.5","9","1","0","1","4318720","0","","0","NaN","1","1","9","SampleName|OpType|Operation|OperationType|Feed|DepthOfCut|Insert|EdgeID|Machine|Tool|New_Edge|Swarf|SwarfID|Coolant|fileVersion","MachineName","25600","1","22.2690144","","","","","2023-03-29 14:49:17","25600","80","40","1000","","","","","","","","","","","","","struct{Devices,Gain}","struct{Device,DeviceIndex,Channels,MeasurementType,RateLim,VariableName}","C - legacy layout, has metadata"
"6. FAST Ti-64 Rolled + Powder (Dennis)\4. Data\9-AA-MR-2023-3-24\Parametric Study\Uncoated\9-AA-MR-2023-3-24-F4-10MPM_0.05feed_0.1DoC.mat","6. FAST Ti-64 Rolled + Powder (Dennis)\4. Data\9-AA-MR-2023-3-24\Parametric Study\Uncoated","9-AA-MR-2023-3-24-F4-10MPM_0.05feed_0.1DoC.mat","C - legacy layout, has metadata","ok","","1001.529411","2024-09-28 16:37:03","v7.3 (HDF5)","matfile (partial)","3","data|metadata|timestamps","data","16409600","9","double","1181.4912","0.5","NaN","0.5","9","1","0","1","16409600","0","","0","NaN","1","1","9","SampleName|OpType|Operation|OperationType|Feed|DepthOfCut|Insert|EdgeID|Machine|Tool|New_Edge|Swarf|SwarfID|Coolant|fileVersion","MachineName","25600","1","76.0951251","","","","","2023-03-29 14:54:10","25600","80","10","1000","","","","","","","","","","","","","struct{Devices,Gain}","struct{Device,DeviceIndex,Channels,MeasurementType,RateLim,VariableName}","C - legacy layout, has metadata"
"6. FAST Ti-64 Rolled + Powder (Dennis)\4. Data\9-AA-MR-2023-3-24\Parametric Study\Uncoated\9-AA-MR-2023-3-24-F5-60MPM_0.05feed_0.1DoC.mat","6. FAST Ti-64 Rolled + Powder (Dennis)\4. Data\9-AA-MR-2023-3-24\Parametric Study\Uncoated","9-AA-MR-2023-3-24-F5-60MPM_0.05feed_0.1DoC.mat","C - legacy layout, has metadata","ok","","189.945126","2024-09-28 16:37:02","v7.3 (HDF5)","matfile (partial)","3","data|metadata|timestamps","data","3025920","9","double","217.86624","0.5","NaN","0.5","9","1","0","1","3025920","0","","0","NaN","1","1","9","SampleName|OpType|Operation|OperationType|Feed|DepthOfCut|Insert|EdgeID|Machine|Tool|New_Edge|Swarf|SwarfID|Coolant|fileVersion","MachineName","25600","1","94.0658085","","","","","2023-03-29 15:43:48","25600","80","60","1000","","","","","","","","","","","","","struct{Devices,Gain}","struct{Device,DeviceIndex,Channels,MeasurementType,RateLim,VariableName}","C - legacy layout, has metadata"
"6. FAST Ti-64 Rolled + Powder (Dennis)\4. Data\9-AA-MR-2023-3-24\Parametric Study\Uncoated\9-AA-MR-2023-3-24-F6-80MPM_0.05feed_0.1DoC.mat","6. FAST Ti-64 Rolled + Powder (Dennis)\4. Data\9-AA-MR-2023-3-24\Parametric Study\Uncoated","9-AA-MR-2023-3-24-F6-80MPM_0.05feed_0.1DoC.mat","C - legacy layout, has metadata","ok","","158.532806","2024-09-28 16:37:00","v7.3 (HDF5)","matfile (partial)","3","data|metadata|timestamps","data","2529280","9","double","182.10816","0.5","NaN","0.5","9","1","0","1","2529280","0","","0","NaN","1","1","9","SampleName|OpType|Operation|OperationType|Feed|DepthOfCut|Insert|EdgeID|Machine|Tool|New_Edge|Swarf|SwarfID|Coolant|fileVersion","MachineName","25600","1","8.9259934","","","","","2023-03-29 15:53:14","25600","80","80","1000","","","","","","","","","","","","","struct{Devices,Gain}","struct{Device,DeviceIndex,Channels,MeasurementType,RateLim,VariableName}","C - legacy layout, has metadata"
"6. FAST Ti-64 Rolled + Powder (Dennis)\4. Data\9-AA-MR-2023-3-24\Parametric Study\Uncoated\9-AA-MR-2023-3-24-F7-100MPM_0.05feed_0.1DoC.mat","6. FAST Ti-64 Rolled + Powder (Dennis)\4. Data\9-AA-MR-2023-3-24\Parametric Study\Uncoated","9-AA-MR-2023-3-24-F7-100MPM_0.05feed_0.1DoC.mat","C - legacy layout, has metadata","ok","","134.015459","2024-09-28 16:36:58","v7.3 (HDF5)","matfile (partial)","3","data|metadata|timestamps","data","2142720","9","double","154.27584","0.5","NaN","0.5","9","1","0","1","2142720","0","","0","NaN","1","1","9","SampleName|OpType|Operation|OperationType|Feed|DepthOfCut|Insert|EdgeID|Machine|Tool|New_Edge|Swarf|SwarfID|Coolant|fileVersion","MachineName","25600","1","65.6304132","","","","","2023-03-29 15:59:41","25600","80","100","1000","","","","","","","","","","","","","struct{Devices,Gain}","struct{Device,DeviceIndex,Channels,MeasurementType,RateLim,VariableName}","C - legacy layout, has metadata"
"6. FAST Ti-64 Rolled + Powder (Dennis)\4. Data\9-AA-MR-2023-3-24\Parametric Study\Uncoated\9-AA-MR-2023-3-24-F8-20MPM_0.05feed_0.1DoC.mat","6. FAST Ti-64 Rolled + Powder (Dennis)\4. Data\9-AA-MR-2023-3-24\Parametric Study\Uncoated","9-AA-MR-2023-3-24-F8-20MPM_0.05feed_0.1DoC.mat","C - legacy layout, has metadata","ok","","526.254316","2024-09-28 16:37:10","v7.3 (HDF5)","matfile (partial)","3","data|metadata|timestamps","data","8409600","9","double","605.4912","0.5","NaN","0.5","9","1","0","1","8409600","0","","0","NaN","1","1","11","SampleName|OpType|Operation|OperationType|Insert|EdgeID|Machine|Tool|New_Edge|Swarf|SwarfID|Coolant|fileVersion","MachineName","25600","1","82.5434054","","","","","2023-03-30 08:04:31","25600","80","20","1000","","0.05","0.1","","","","","","","","","","struct{Devices,Gain}","struct{Device,DeviceIndex,Channels,MeasurementType,RateLim,VariableName}","C - legacy layout, has metadata"
"6. FAST Ti-64 Rolled + Powder (Dennis)\4. Data\KnownGeometryTest.mat","6. FAST Ti-64 Rolled + Powder (Dennis)\4. Data","KnownGeometryTest.mat","C - legacy layout, has metadata","ok","","190.308502","2024-09-28 16:36:14","v7.3 (HDF5)","matfile (partial)","3","data|metadata|timestamps","data","3051520","9","double","219.70944","0.5","NaN","0.5","9","1","0","1","3051520","0","","0","NaN","1","1","9","SampleName|OpType|Operation|OperationType|Feed|DepthOfCut|Insert|EdgeID|Machine|Tool|New_Edge|Swarf|SwarfID|Coolant|fileVersion","MachineName","25600","1","30.5353084","","","","","2023-03-29 13:59:12","25600","80","30","1000","","","","","","","","","","","","","struct{Devices,Gain}","struct{Device,DeviceIndex,Channels,MeasurementType,RateLim,VariableName}","C - legacy layout, has metadata"
"6. FAST Ti-64 Rolled + Powder (Dennis)\4. Data\KnownGeometryTest2.mat","6. FAST Ti-64 Rolled + Powder (Dennis)\4. Data","KnownGeometryTest2.mat","C - legacy layout, has metadata","ok","","176.810041","2024-09-28 16:36:12","v7.3 (HDF5)","matfile (partial)","3","data|metadata|timestamps","data","2826240","9","double","203.48928","0.5","NaN","0.5","9","1","0","1","2826240","0","","0","NaN","1","1","9","SampleName|OpType|Operation|OperationType|Feed|DepthOfCut|Insert|EdgeID|Machine|Tool|New_Edge|Swarf|SwarfID|Coolant|fileVersion","MachineName","25600","1","117.2420119","","","","","2023-03-29 14:05:09","25600","80","30","1000","","","","","","","","","","","","","struct{Devices,Gain}","struct{Device,DeviceIndex,Channels,MeasurementType,RateLim,VariableName}","C - legacy layout, has metadata"
"6. FAST Ti-64 Rolled + Powder (Dennis)\4. Data\Noise Data\Air-Cut -cannot load.mat","6. FAST Ti-64 Rolled + Powder (Dennis)\4. Data\Noise Data","Air-Cut -cannot load.mat","C - legacy layout, has metadata","ok","","248.918247","2024-09-28 16:37:59","v6/v7","whos -file","3","DATA|VariableNames|metadata","DATA","2885120","13","double","300.05248","0.1","NaN","0.1","13","1","0","0","NaN","1","Time|Fx|Fy|Fz|Fx1|Fx2|Fy1|Fy2|Fz1|Fz2|Fz3|Fz4|Tacho (ai0)","0","NaN","1","1","9","SampleName|OpType|Operation|OperationType|Feed|DepthOfCut|Insert|EdgeID|Machine|Tool|New_Edge|Swarf|SwarfID|Coolant|fileVersion","MachineName","25600","1","22.1206019","","","","","2023-03-29 11:10:53","25600","80","10","1000","","","","","","","","","","","","","struct{Devices,Gain}","struct{Device,DeviceIndex,Channels,MeasurementType,RateLim,VariableName}","C - legacy layout, has metadata"
"6. FAST Ti-64 Rolled + Powder (Dennis)\4. Data\Noise Data\AirCut+CoolNoise-30MPM_0.05feed_0.1DoC20Bar.mat","6. FAST Ti-64 Rolled + Powder (Dennis)\4. Data\Noise Data","AirCut+CoolNoise-30MPM_0.05feed_0.1DoC20Bar.mat","C - legacy layout, has metadata","ok","","361.295258","2024-09-28 16:38:01","v7.3 (HDF5)","matfile (partial)","3","data|metadata|timestamps","data","5770240","9","double","415.45728","0.5","NaN","0.5","9","1","0","1","5770240","0","","0","NaN","1","1","11","SampleName|OpType|Operation|OperationType|Insert|EdgeID|Machine|Tool|New_Edge|Swarf|SwarfID|Coolant|fileVersion","MachineName","25600","1","75.9891081","","","","","2023-04-04 15:19:38","25600","80","30","1000","Air Cut, Coolant ON (20 Bar)","0.05","0.1","","","","","","","","","","struct{Devices,Gain}","struct{Device,DeviceIndex,Channels,MeasurementType,RateLim,VariableName}","C - legacy layout, has metadata"
"6. FAST Ti-64 Rolled + Powder (Dennis)\4. Data\Noise Data\AirCut+CoolNoise-30MPM_0.05feed_0.1DoC70Bar.mat","6. FAST Ti-64 Rolled + Powder (Dennis)\4. Data\Noise Data","AirCut+CoolNoise-30MPM_0.05feed_0.1DoC70Bar.mat","C - legacy layout, has metadata","ok","","389.950586","2024-09-28 16:38:03","v7.3 (HDF5)","matfile (partial)","3","data|metadata|timestamps","data","6144000","9","double","442.368","0.5","NaN","0.5","9","1","0","1","6144000","0","","0","NaN","1","1","11","SampleName|OpType|Operation|OperationType|Insert|EdgeID|Machine|Tool|New_Edge|Swarf|SwarfID|Coolant|fileVersion","MachineName","25600","1","89.8845717","","","","","2023-04-04 14:49:47","25600","80","30","1000","Air-Cut + Coolant ON (70 Bar)","0.05","0.1","","","","","","","","","","struct{Devices,Gain}","struct{Device,DeviceIndex,Channels,MeasurementType,RateLim,VariableName}","C - legacy layout, has metadata"
"6. FAST Ti-64 Rolled + Powder (Dennis)\4. Data\Noise Data\CoolNoise-30MPM_0.05feed_0.1DoC20Bar.mat","6. FAST Ti-64 Rolled + Powder (Dennis)\4. Data\Noise Data","CoolNoise-30MPM_0.05feed_0.1DoC20Bar.mat","C - legacy layout, has metadata","ok","","167.223095","2024-09-28 16:38:02","v7.3 (HDF5)","matfile (partial)","3","data|metadata|timestamps","data","2654720","9","double","191.13984","0.5","NaN","0.5","9","1","0","1","2654720","0","","0","NaN","1","1","11","SampleName|OpType|Operation|OperationType|Insert|EdgeID|Machine|Tool|New_Edge|Swarf|SwarfID|Coolant|fileVersion","MachineName","25600","1","13.3251001","","","","","2023-04-04 15:15:57","25600","80","30","1000","Noise Test, Coolant ON (20 Bar)","0.05","0.1","","","","","","","","","","struct{Devices,Gain}","struct{Device,DeviceIndex,Channels,MeasurementType,RateLim,VariableName}","C - legacy layout, has metadata"
"6. FAST Ti-64 Rolled + Powder (Dennis)\4. Data\Noise Data\Empty Air Cut.mat","6. FAST Ti-64 Rolled + Powder (Dennis)\4. Data\Noise Data","Empty Air Cut.mat","C - legacy layout, has metadata","ok","","395.353646","2024-09-28 16:38:06","v7.3 (HDF5)","matfile (partial)","3","data|metadata|timestamps","data","6382080","9","double","459.50976","0.5","NaN","0.5","9","1","0","1","6382080","0","","0","NaN","1","1","11","SampleName|OpType|Operation|OperationType|Insert|EdgeID|Machine|Tool|New_Edge|Swarf|SwarfID|Coolant|fileVersion","MachineName","25600","1","75.0066502","","","","","2023-04-04 08:30:59","25600","80","30","1000","Floor 9+ Spindle + Air cut no materials","0.05","0.1","","","","","","","","","","struct{Devices,Gain}","struct{Device,DeviceIndex,Channels,MeasurementType,RateLim,VariableName}","C - legacy layout, has metadata"
"6. FAST Ti-64 Rolled + Powder (Dennis)\4. Data\Noise Data\Floor + Spindle + AirCut.mat","6. FAST Ti-64 Rolled + Powder (Dennis)\4. Data\Noise Data","Floor + Spindle + AirCut.mat","C - legacy layout, has metadata","ok","","353.639064","2024-09-28 16:37:55","v7.3 (HDF5)","matfile (partial)","3","data|metadata|timestamps","data","5652480","9","double","406.97856","0.5","NaN","0.5","9","1","0","1","5652480","0","","0","NaN","1","1","11","SampleName|OpType|Operation|OperationType|Insert|EdgeID|Machine|Tool|New_Edge|Swarf|SwarfID|Coolant|fileVersion","MachineName","25600","1","74.3589493","","","","","2023-04-04 07:50:52","25600","80","30","1000","Floor + Spindle","0.05","0.1","","","","","","","","","","struct{Devices,Gain}","struct{Device,DeviceIndex,Channels,MeasurementType,RateLim,VariableName}","C - legacy layout, has metadata"
"6. FAST Ti-64 Rolled + Powder (Dennis)\4. Data\Noise Data\Only Coolant Out of Hole.mat","6. FAST Ti-64 Rolled + Powder (Dennis)\4. Data\Noise Data","Only Coolant Out of Hole.mat","C - legacy layout, has metadata","ok","","47.811422","2024-09-28 16:38:07","v7.3 (HDF5)","matfile (partial)","3","data|metadata|timestamps","data","755200","9","double","54.3744","0.5","NaN","0.5","9","1","0","1","755200","0","","0","NaN","1","1","11","SampleName|OpType|Operation|OperationType|Insert|EdgeID|Machine|Tool|New_Edge|Swarf|SwarfID|Coolant|fileVersion","MachineName","25600","1","1.6295727","","","","","2023-04-04 08:28:46","25600","80","30","1000","Cooolant","0.05","0.1","","","","","","","","","","struct{Devices,Gain}","struct{Device,DeviceIndex,Channels,MeasurementType,RateLim,VariableName}","C - legacy layout, has metadata"
"6. FAST Ti-64 Rolled + Powder (Dennis)\4. Data\Noise Data\OnlyCoolant70Bar.mat","6. FAST Ti-64 Rolled + Powder (Dennis)\4. Data\Noise Data","OnlyCoolant70Bar.mat","C - legacy layout, has metadata","ok","","170.93304","2024-09-28 16:38:05","v7.3 (HDF5)","matfile (partial)","3","data|metadata|timestamps","data","2672640","9","double","192.43008","0.5","NaN","0.5","9","1","0","1","2672640","0","","0","NaN","1","1","11","SampleName|OpType|Operation|OperationType|Insert|EdgeID|Machine|Tool|New_Edge|Swarf|SwarfID|Coolant|fileVersion","MachineName","25600","1","52.8162911","","","","","2023-04-04 14:18:51","25600","80","30","1000","Coolant Noise Check 70 Bar","0.05","0.1","","","","","","","","","","struct{Devices,Gain}","struct{Device,DeviceIndex,Channels,MeasurementType,RateLim,VariableName}","C - legacy layout, has metadata"
"6. FAST Ti-64 Rolled + Powder (Dennis)\4. Data\Noise Data\Pure Machine Noise.mat","6. FAST Ti-64 Rolled + Powder (Dennis)\4. Data\Noise Data","Pure Machine Noise.mat","C - legacy layout, has metadata","ok","","167.448148","2024-09-28 16:37:54","v7.3 (HDF5)","matfile (partial)","3","data|metadata|timestamps","data","2785280","9","double","200.54016","0.5","NaN","0.5","9","1","0","1","2785280","0","","0","NaN","1","1","11","SampleName|OpType|Operation|OperationType|Insert|EdgeID|Machine|Tool|New_Edge|Swarf|SwarfID|Coolant|fileVersion","MachineName","25600","1","20.0187689","","","","","2023-04-04 07:32:40","25600","80","30","1000","Noise Floor With Mahcine ON","0.1","0.1","","","","","","","","","","struct{Devices,Gain}","struct{Device,DeviceIndex,Channels,MeasurementType,RateLim,VariableName}","C - legacy layout, has metadata"
"6. FAST Ti-64 Rolled + Powder (Dennis)\4. Data\Noise Data\TachoRPMTest.mat","6. FAST Ti-64 Rolled + Powder (Dennis)\4. Data\Noise Data","TachoRPMTest.mat","C - legacy layout, has metadata","ok","","41.756341","2024-09-28 16:37:58","v7.3 (HDF5)","matfile (partial)","3","data|metadata|timestamps","data","673280","9","double","48.47616","0.5","NaN","0.5","9","1","0","1","673280","0","","0","NaN","1","1","9","SampleName|OpType|Operation|OperationType|Feed|DepthOfCut|Insert|EdgeID|Machine|Tool|New_Edge|Swarf|SwarfID|Coolant|fileVersion","MachineName","25600","1","1.1946401","","","","","2023-03-29 10:59:21","25600","80","1","1000","","","","","","","","","","","","","struct{Devices,Gain}","struct{Device,DeviceIndex,Channels,MeasurementType,RateLim,VariableName}","C - legacy layout, has metadata"
"6. FAST Ti-64 Rolled + Powder (Dennis)\4. Data\Noise Data\Tool Head Moving Only.mat","6. FAST Ti-64 Rolled + Powder (Dennis)\4. Data\Noise Data","Tool Head Moving Only.mat","C - legacy layout, has metadata","ok","","126.131766","2024-09-28 16:37:57","v7.3 (HDF5)","matfile (partial)","3","data|metadata|timestamps","data","2078720","9","double","149.66784","0.5","NaN","0.5","9","1","0","1","2078720","0","","0","NaN","1","1","11","SampleName|OpType|Operation|OperationType|Insert|EdgeID|Machine|Tool|New_Edge|Swarf|SwarfID|Coolant|fileVersion","MachineName","25600","1","52.7511132","","","","","2023-04-04 07:59:40","25600","80","30","1000","Head movementr to centre","0.05","0.1","","","","","","","","","","struct{Devices,Gain}","struct{Device,DeviceIndex,Channels,MeasurementType,RateLim,VariableName}","C - legacy layout, has metadata"
"6. FAST Ti-64 Rolled + Powder (Dennis)\4. Data\ShowcaseTest_ShortTimeConstant.mat","6. FAST Ti-64 Rolled + Powder (Dennis)\4. Data","ShowcaseTest_ShortTimeConstant.mat","C - legacy layout, has metadata","ok","","184.597819","2024-09-28 16:36:09","v7.3 (HDF5)","matfile (partial)","3","data|metadata|timestamps","data","2903040","9","double","209.01888","0.5","NaN","0.5","9","1","0","1","2903040","0","","0","NaN","1","1","9","SampleName|OpType|Operation|OperationType|Feed|DepthOfCut|Insert|EdgeID|Machine|Tool|New_Edge|Swarf|SwarfID|Coolant|fileVersion","MachineName","25600","1","28.0814487","","","","","2023-03-29 13:45:59","25600","80","30","1000","","","","","","","","","","","","","struct{Devices,Gain}","struct{Device,DeviceIndex,Channels,MeasurementType,RateLim,VariableName}","C - legacy layout, has metadata"
"6. FAST Ti-64 Rolled + Powder (Dennis)\4. Data\Tacho_noise_20MPM.mat","6. FAST Ti-64 Rolled + Powder (Dennis)\4. Data","Tacho_noise_20MPM.mat","C - legacy layout, has metadata","ok","","535.754969","2024-09-28 16:36:06","v7.3 (HDF5)","matfile (partial)","3","data|metadata|timestamps","data","8785920","9","double","632.58624","0.5","NaN","0.5","9","1","0","1","8785920","0","","0","NaN","1","1","11","SampleName|OpType|Operation|OperationType|Insert|EdgeID|Machine|Tool|New_Edge|Swarf|SwarfID|Coolant|fileVersion","MachineName","25600","1","61.4435785","","","","","2023-03-30 09:04:20","25600","80","30","1000","","0.1","0.1","","","","","","","","","","struct{Devices,Gain}","struct{Device,DeviceIndex,Channels,MeasurementType,RateLim,VariableName}","C - legacy layout, has metadata"
"6. FAST Ti-64 Rolled + Powder (Dennis)\4. Data\Tacho_noise_2_60MPM.mat","6. FAST Ti-64 Rolled + Powder (Dennis)\4. Data","Tacho_noise_2_60MPM.mat","C - legacy layout, has metadata","ok","","188.225982","2024-09-28 16:36:07","v7.3 (HDF5)","matfile (partial)","3","data|metadata|timestamps","data","3010560","9","double","216.76032","0.5","NaN","0.5","9","1","0","1","3010560","0","","0","NaN","1","1","11","SampleName|OpType|Operation|OperationType|Insert|EdgeID|Machine|Tool|New_Edge|Swarf|SwarfID|Coolant|fileVersion","MachineName","25600","1","38.9663314","","","","","2023-03-30 09:18:04","25600","80","60","1000","Air cut","0.05","0.1","","","","","","","","","","struct{Devices,Gain}","struct{Device,DeviceIndex,Channels,MeasurementType,RateLim,VariableName}","C - legacy layout, has metadata"
"6. FAST Ti-64 Rolled + Powder (Dennis)\4. Data\Test Runs\ShowcaseTest.mat","6. FAST Ti-64 Rolled + Powder (Dennis)\4. Data\Test Runs","ShowcaseTest.mat","C - legacy layout, has metadata","ok","","181.189231","2024-09-28 16:37:49","v7.3 (HDF5)","matfile (partial)","3","data|metadata|timestamps","data","2890240","9","double","208.09728","0.5","NaN","0.5","9","1","0","1","2890240","0","","0","NaN","1","1","9","SampleName|OpType|Operation|OperationType|Feed|DepthOfCut|Insert|EdgeID|Machine|Tool|New_Edge|Swarf|SwarfID|Coolant|fileVersion","MachineName","25600","1","56.4047383","","","","","2023-03-29 13:40:30","25600","80","30","1000","","","","","","","","","","","","","struct{Devices,Gain}","struct{Device,DeviceIndex,Channels,MeasurementType,RateLim,VariableName}","C - legacy layout, has metadata"
"6. FAST Ti-64 Rolled + Powder (Dennis)\4. Data\Test Runs\TestRun2.mat","6. FAST Ti-64 Rolled + Powder (Dennis)\4. Data\Test Runs","TestRun2.mat","C - legacy layout, has metadata","ok","","167.182526","2024-09-28 16:37:52","v7.3 (HDF5)","matfile (partial)","3","data|metadata|timestamps","data","2647040","9","double","190.58688","0.5","NaN","0.5","9","1","0","1","2647040","0","","0","NaN","1","1","9","SampleName|OpType|Operation|OperationType|Feed|DepthOfCut|Insert|EdgeID|Machine|Tool|New_Edge|Swarf|SwarfID|Coolant|fileVersion","MachineName","25600","1","57.1141548","","","","","2023-03-29 12:56:34","25600","80","30","1000","","","","","","","","","","","","","struct{Devices,Gain}","struct{Device,DeviceIndex,Channels,MeasurementType,RateLim,VariableName}","C - legacy layout, has metadata"
"6. FAST Ti-64 Rolled + Powder (Dennis)\4. Data\Test Runs\TestRunFlipped.mat","6. FAST Ti-64 Rolled + Powder (Dennis)\4. Data\Test Runs","TestRunFlipped.mat","C - legacy layout, has metadata","ok","","176.389436","2024-09-28 16:37:51","v7.3 (HDF5)","matfile (partial)","3","data|metadata|timestamps","data","2808320","9","double","202.19904","0.5","NaN","0.5","9","1","0","1","2808320","0","","0","NaN","1","1","9","SampleName|OpType|Operation|OperationType|Feed|DepthOfCut|Insert|EdgeID|Machine|Tool|New_Edge|Swarf|SwarfID|Coolant|fileVersion","MachineName","25600","1","36.2963865","","","","","2023-03-29 13:19:07","25600","80","30","1000","","","","","","","","","","","","","struct{Devices,Gain}","struct{Device,DeviceIndex,Channels,MeasurementType,RateLim,VariableName}","C - legacy layout, has metadata"
"6. FAST Ti-64 Rolled + Powder (Dennis)\4. Data\debug.mat","6. FAST Ti-64 Rolled + Powder (Dennis)\4. Data","debug.mat","C - legacy layout, has metadata","ok","","50.868011","2024-09-28 16:36:10","v7.3 (HDF5)","matfile (partial)","3","data|metadata|timestamps","data","865280","9","double","62.30016","0.5","NaN","0.5","9","1","0","1","865280","0","","0","NaN","1","1","11","SampleName|OpType|Operation|OperationType|Insert|EdgeID|Machine|Tool|New_Edge|Swarf|SwarfID|Coolant|fileVersion","MachineName","25600","1","29.4892587","","","","","2023-03-30 07:09:10","25600","15","15","15","","15","15","","","","","","","","","","struct{Devices,Gain}","struct{Device,DeviceIndex,Channels,MeasurementType,RateLim,VariableName}","C - legacy layout, has metadata"
"7. RR1000 Henry\11-RK-MO-2023-10-16-F1-30MPM_0.25feed_0.1DoC.mat","7. RR1000 Henry","11-RK-MO-2023-10-16-F1-30MPM_0.25feed_0.1DoC.mat","C - legacy layout, has metadata","ok","","137.959646","2024-09-28 16:40:02","v7.3 (HDF5)","matfile (partial)","3","data|metadata|timestamps","data","2519040","9","double","181.37088","0.5","NaN","0.5","9","1","0","1","2519040","0","","0","NaN","1","0","16","OpType|Operation|OperationType|EdgeID|SwarfID|Coolant|fileVersion","","25600","1","22.1305985","11-RK-MO-2023-10-16-F1-30MPM_0.1feed_0.1DoC","","","","2023-10-17 08:40:44","25600","51.48","30","1000","First attempt at facing pass of RR1000","0.05","0.1","CNMG 12 04 08-SGF","","NLX 2500 700","QS-PCLNL 2525-12C","false","false","","","","struct{Devices,Gain}","struct{Device,DeviceIndex,Channels,MeasurementType,RateLim,VariableName}","C - legacy layout, has metadata"
"7. RR1000 Henry\11-RK-MO-2023-10-16-F2-30MPM_0.05feed_0.1DoC.mat","7. RR1000 Henry","11-RK-MO-2023-10-16-F2-30MPM_0.05feed_0.1DoC.mat","C - legacy layout, has metadata","ok","","144.469243","2024-09-28 16:40:03","v7.3 (HDF5)","matfile (partial)","3","data|metadata|timestamps","data","2670080","9","double","192.24576","0.5","NaN","0.5","9","1","0","1","2670080","0","","0","NaN","1","0","16","OpType|Operation|OperationType|EdgeID|SwarfID|Coolant|fileVersion","","25600","1","76.0442258","11-RK-MO-2023-10-16-F2-30MPM_0.1feed_0.1DoC","","","","2023-10-17 08:58:19","25600","51.48","30","1000","Flood coolant","0.05","0.1","CNMG 12 04 08-SGF","","NLX 2500 700","QS-PCLNL 2525-12C","false","false","","","","struct{Devices,Gain}","struct{Device,DeviceIndex,Channels,MeasurementType,RateLim,VariableName}","C - legacy layout, has metadata"
"7. RR1000 Henry\11-RK-MO-2023-10-16-F2_1-60MPM_0.05feed_0.1DoC.mat","7. RR1000 Henry","11-RK-MO-2023-10-16-F2_1-60MPM_0.05feed_0.1DoC.mat","C - legacy layout, has metadata","ok","","162.356593","2024-09-28 16:40:17","v7.3 (HDF5)","matfile (partial)","3","data|metadata|timestamps","data","3151360","9","double","226.89792","0.5","NaN","0.5","9","1","0","1","3151360","0","","0","NaN","1","0","16","OpType|Operation|OperationType|EdgeID|SwarfID|Coolant|fileVersion","","25600","1","94.0886719","11-RK-MO-2023-10-16-F2_1-60MPM_0.05feed_0.1DoC","","","","2023-10-17 15:57:54","25600","48.5","60","1000","flood","0.05","0.1","CNMG 12 04 -08-SGF","","NLX 2500 700","QS-PCLNL 2525-12C","false","false","","","","struct{Devices,Gain}","struct{Device,DeviceIndex,Channels,MeasurementType,RateLim,VariableName}","C - legacy layout, has metadata"
"7. RR1000 Henry\11-RK-MO-2023-10-16-F3-30MPM_0.1feed_0.1DoC.mat","7. RR1000 Henry","11-RK-MO-2023-10-16-F3-30MPM_0.1feed_0.1DoC.mat","C - legacy layout, has metadata","ok","","146.647492","2024-09-28 16:40:04","v7.3 (HDF5)","matfile (partial)","3","data|metadata|timestamps","data","2493440","9","double","179.52768","0.5","NaN","0.5","9","1","0","1","2493440","0","","0","NaN","1","0","16","OpType|Operation|OperationType|EdgeID|SwarfID|Coolant|fileVersion","","25600","1","8.9532698","11-RK-MO-2023-10-16-F2-30MPM_0.1feed_0.1DoC","","","","2023-10-17 09:06:45","25600","51.48","30","1000","40 Bar Coolant","0.05","0.1","CNMG 12 04 08-SGF","","NLX 2500 700","QS-PCLNL 2525-12C","false","false","","","","struct{Devices,Gain}","struct{Device,DeviceIndex,Channels,MeasurementType,RateLim,VariableName}","C - legacy layout, has metadata"
"7. RR1000 Henry\11-RK-MO-2023-10-16-F4-60MPM_0.05feed_0.1DoC.mat","7. RR1000 Henry","11-RK-MO-2023-10-16-F4-60MPM_0.05feed_0.1DoC.mat","C - legacy layout, has metadata","ok","","95.770065","2024-09-28 16:40:05","v7.3 (HDF5)","matfile (partial)","3","data|metadata|timestamps","data","1679360","9","double","120.91392","0.5","NaN","0.5","9","1","0","1","1679360","0","","0","NaN","1","0","16","OpType|Operation|OperationType|EdgeID|SwarfID|Coolant|fileVersion","","25600","1","65.9584522","11-RK-MO-2023-10-16-F3-60MPM_0.05feed_0.1DoC","","","","2023-10-17 09:19:53","25600","51.48","60","1000","Henry's optimised RR 1000 parameters. Through coolant 40 Bar","0.05","0.1","CNMG 12 04 08-SGF","","NLX 2500 700","QS-PCLNL 2525-12C","false","false","","","","struct{Devices,Gain}","struct{Device,DeviceIndex,Channels,MeasurementType,RateLim,VariableName}","C - legacy layout, has metadata"
"7. RR1000 Henry\11-RK-MO-2023-10-16-F5-60MPM_0.05feed_0.1DoC.mat","7. RR1000 Henry","11-RK-MO-2023-10-16-F5-60MPM_0.05feed_0.1DoC.mat","C - legacy layout, has metadata","ok","","85.305817","2024-09-28 16:40:07","v7.3 (HDF5)","matfile (partial)","3","data|metadata|timestamps","data","1630720","9","double","117.41184","0.5","NaN","0.5","9","1","0","1","1630720","0","","0","NaN","1","0","16","OpType|Operation|OperationType|EdgeID|SwarfID|Coolant|fileVersion","","25600","1","56.3664062","11-RK-MO-2023-10-16-F5-60MPM_0.05feed_0.1DoC","","","","2023-10-17 09:32:27","25600","51.48","60","1000","Henry's optimised RR 1000 parameters. Flood coolant.","0.05","0.1","CNMG 12 04 08-SGF","","NLX 2500 700","QS-PCLNL 2525-12C","false","false","","","","struct{Devices,Gain}","struct{Device,DeviceIndex,Channels,MeasurementType,RateLim,VariableName}","C - legacy layout, has metadata"
"7. RR1000 Henry\11-RK-MO-2023-10-16-F6-60MPM_0.05feed_0.1DoC.mat","7. RR1000 Henry","11-RK-MO-2023-10-16-F6-60MPM_0.05feed_0.1DoC.mat","C - legacy layout, has metadata","ok","","146.419335","2024-09-28 16:40:08","v7.3 (HDF5)","matfile (partial)","3","data|metadata|timestamps","data","2680320","9","double","192.98304","0.5","NaN","0.5","9","1","0","1","2680320","0","","0","NaN","1","0","16","OpType|Operation|OperationType|EdgeID|SwarfID|Coolant|fileVersion","","25600","1","28.7744767","11-RK-MO-2023-10-16-F6-30MPM_0.05feed_0.1DoC","","","","2023-10-17 09:42:55","25600","51.48","30","1000","Henry's optimised RR 1000 parameters. Flood coolant.","0.05","0.1","CNMG 12 04 08-SGF","","NLX 2500 700","QS-PCLNL 2525-12C","false","false","","","","struct{Devices,Gain}","struct{Device,DeviceIndex,Channels,MeasurementType,RateLim,VariableName}","C - legacy layout, has metadata"
"7. RR1000 Henry\11-RK-MO-2023-10-16-F7-60MPM_0.05feed_0.1DoC.mat","7. RR1000 Henry","11-RK-MO-2023-10-16-F7-60MPM_0.05feed_0.1DoC.mat","C - legacy layout, has metadata","ok","","74.685712","2024-09-28 16:40:09","v7.3 (HDF5)","matfile (partial)","3","data|metadata|timestamps","data","1525760","9","double","109.85472","0.5","NaN","0.5","9","1","0","1","1525760","0","","0","NaN","1","0","16","OpType|Operation|OperationType|EdgeID|SwarfID|Coolant|fileVersion","","25600","1","7.3464979","11-RK-MO-2023-10-16-F7-30MPM_0.05feed_0.1DoC","","","","2023-10-17 09:50:32","25600","51.48","80","1000","Henry's optimised RR 1000 parameters. Flood coolant.","0.05","0.1","CNMG 12 04 08-SGF","","NLX 2500 700","QS-PCLNL 2525-12C","false","false","","","","struct{Devices,Gain}","struct{Device,DeviceIndex,Channels,MeasurementType,RateLim,VariableName}","C - legacy layout, has metadata"
"7. RR1000 Henry\11-RK-MO-2023-10-16-O1-100MPM_feed_0.25DoC.mat","7. RR1000 Henry","11-RK-MO-2023-10-16-O1-100MPM_feed_0.25DoC.mat","C - legacy layout, has metadata","ok","","98.217839","2024-09-28 16:39:56","v7.3 (HDF5)","matfile (partial)","3","data|metadata|timestamps","data","2019840","9","double","145.42848","0.5","NaN","0.5","9","1","0","1","2019840","0","","0","NaN","1","0","16","OpType|Operation|OperationType|EdgeID|SwarfID|Coolant|fileVersion","","25600","1","65.4730848","11-RK-MO-2023-10-16-F1-MPM_feed_DoC","","","","2023-10-16 15:50:53","25600","52.95","100","3500","","0.1","0.25","CNMG 12 04 08-SGF","","NLX 2500 700","QS-PCLNL 2525-12C","false","false","","","","struct{Devices,Gain}","struct{Device,DeviceIndex,Channels,MeasurementType,RateLim,VariableName}","C - legacy layout, has metadata"
"7. RR1000 Henry\11-RK-MO-2023-10-16-O2-70MPM_0.1feed_0.25DoC.mat","7. RR1000 Henry","11-RK-MO-2023-10-16-O2-70MPM_0.1feed_0.25DoC.mat","C - legacy layout, has metadata","ok","","57.67235","2024-09-28 16:39:57","v7.3 (HDF5)","matfile (partial)","3","data|metadata|timestamps","data","1338880","9","double","96.39936","0.5","NaN","0.5","9","1","0","1","1338880","0","","0","NaN","1","0","16","OpType|Operation|OperationType|EdgeID|SwarfID|Coolant|fileVersion","","25600","1","51.7707783","11-RK-MO-2023-10-16-O2-100MPM_0.1feed_0.1DoC","","","","2023-10-17 07:43:03","25600","51.5","70","433","","0.1","0.1","CNMG 12 04 08-SGF","","NLX 2500 700","QS-PCLNL 2525-12C","false","false","","","","struct{Devices,Gain}","struct{Device,DeviceIndex,Channels,MeasurementType,RateLim,VariableName}","C - legacy layout, has metadata"
"7. RR1000 Henry\11-RK-MO-2023-10-16-O3-100MPM_0.1feed_0.25DoC.mat","7. RR1000 Henry","11-RK-MO-2023-10-16-O3-100MPM_0.1feed_0.25DoC.mat","C - legacy layout, has metadata","ok","","28.074653","2024-09-28 16:39:59","v7.3 (HDF5)","matfile (partial)","3","data|metadata|timestamps","data","519680","9","double","37.41696","0.5","NaN","0.5","9","1","0","1","519680","0","","0","NaN","1","0","16","OpType|Operation|OperationType|EdgeID|SwarfID|Coolant|fileVersion","","25600","1","32.5735583","11-RK-MO-2023-10-16-O3-100MPM_0.1feed_0.1DoC","","","","2023-10-17 07:55:26","25600","51.5","100","618","","0.1","0.1","CNMG 12 04 08-SGF","","NLX 2500 700","QS-PCLNL 2525-12C","false","false","","","","struct{Devices,Gain}","struct{Device,DeviceIndex,Channels,MeasurementType,RateLim,VariableName}","C - legacy layout, has metadata"
"7. RR1000 Henry\11-RK-MO-2023-10-16-O4-70MPM_0.1feed_0.25DoC.mat","7. RR1000 Henry","11-RK-MO-2023-10-16-O4-70MPM_0.1feed_0.25DoC.mat","C - legacy layout, has metadata","ok","","34.287621","2024-09-28 16:40:00","v7.3 (HDF5)","matfile (partial)","3","data|metadata|timestamps","data","601600","9","double","43.3152","0.5","NaN","0.5","9","1","0","1","601600","0","","0","NaN","1","0","16","OpType|Operation|OperationType|EdgeID|SwarfID|Coolant|fileVersion","","25600","1","42.8857135","11-RK-MO-2023-10-16-O4-70MPM_0.1feed_0.25DoC","","","","2023-10-17 08:03:25","25600","51.5","70","433","","0.1","0.25","CNMG 12 04 08-SGF","","NLX 2500 700","QS-PCLNL 2525-12C","false","false","","","","struct{Devices,Gain}","struct{Device,DeviceIndex,Channels,MeasurementType,RateLim,VariableName}","C - legacy layout, has metadata"
"7. RR1000 Henry\11-RK-MO-2023-10-16-O5-100MPM_0.1feed_0.25DoC.mat","7. RR1000 Henry","11-RK-MO-2023-10-16-O5-100MPM_0.1feed_0.25DoC.mat","C - legacy layout, has metadata","ok","","24.457502","2024-09-28 16:40:01","v7.3 (HDF5)","matfile (partial)","3","data|metadata|timestamps","data","445440","9","double","32.07168","0.5","NaN","0.5","9","1","0","1","445440","0","","0","NaN","1","0","16","OpType|Operation|OperationType|EdgeID|SwarfID|Coolant|fileVersion","","25600","1","17.8699332","11-RK-MO-2023-10-16-O4-100MPM_0.1feed_0.25DoC","","","","2023-10-17 08:13:37","25600","51.5","100","618","","0.1","0.25","CNMG 12 04 08-SGF","","NLX 2500 700","QS-PCLNL 2525-12C","false","false","","","","struct{Devices,Gain}","struct{Device,DeviceIndex,Channels,MeasurementType,RateLim,VariableName}","C - legacy layout, has metadata"
"7. RR1000 Henry\141-RK-MO-2023-10-16-F1-60MPM_0.05feed_0.1DoC.mat","7. RR1000 Henry","141-RK-MO-2023-10-16-F1-60MPM_0.05feed_0.1DoC.mat","C - legacy layout, has metadata","ok","","80.178654","2024-09-28 16:40:18","v7.3 (HDF5)","matfile (partial)","3","data|metadata|timestamps","data","1873920","9","double","134.92224","0.5","NaN","0.5","9","1","0","1","1873920","0","","0","NaN","1","0","16","OpType|Operation|OperationType|EdgeID|SwarfID|Coolant|fileVersion","","25600","1","48.6073548","12-RK-MO-2023-10-16-F1-60MPM_0.05feed_0.1DoC","","","","2023-10-17 14:33:12","25600","48.5","60","1000","flood","0.1","0.1","CNMG 12 04 -08-SGF","","NLX 2500 700","QS-PCLNL 2525-12C","false","false","","","","struct{Devices,Gain}","struct{Device,DeviceIndex,Channels,MeasurementType,RateLim,VariableName}","C - legacy layout, has metadata"
"7. RR1000 Henry\141-RK-MO-2023-10-16-F2_1-60MPM_0.05feed_0.1DoC.mat","7. RR1000 Henry","141-RK-MO-2023-10-16-F2_1-60MPM_0.05feed_0.1DoC.mat","C - legacy layout, has metadata","ok","","131.716092","2024-09-28 16:40:16","v7.3 (HDF5)","matfile (partial)","3","data|metadata|timestamps","data","3123200","9","double","224.8704","0.5","NaN","0.5","9","1","0","1","3123200","0","","0","NaN","1","0","16","OpType|Operation|OperationType|EdgeID|SwarfID|Coolant|fileVersion","","25600","1","2.79542","12-RK-MO-2023-10-16-F2_1-60MPM_0.05feed_0.1DoC","","","","2023-10-17 15:37:12","25600","48.5","60","1000","flood","0.05","0.1","CNMG 12 04 -08-SGF","","NLX 2500 700","QS-PCLNL 2525-12C","false","false","","","","struct{Devices,Gain}","struct{Device,DeviceIndex,Channels,MeasurementType,RateLim,VariableName}","C - legacy layout, has metadata"
"7. RR1000 Henry\141-RK-MO-2023-10-16-O1-70MPM_0.1feed_0.25DoC.mat","7. RR1000 Henry","141-RK-MO-2023-10-16-O1-70MPM_0.1feed_0.25DoC.mat","C - legacy layout, has metadata","ok","","77.333556","2024-09-28 16:40:11","v7.3 (HDF5)","matfile (partial)","3","data|metadata|timestamps","data","1845760","9","double","132.89472","0.5","NaN","0.5","9","1","0","1","1845760","0","","0","NaN","1","0","16","OpType|Operation|OperationType|EdgeID|SwarfID|Coolant|fileVersion","","25600","1","2.1006117","12-RK-MO-2023-10-16-O1-70MPM_0.1feed_0.25DoC","","","","2023-10-17 13:53:17","25600","48.5","70","459","Roughing pass","0.1","0.25","CNMG 12 04 -08-SGF","","NLX 2500 700","QS-PCLNL 2525-12C","false","false","","","","struct{Devices,Gain}","struct{Device,DeviceIndex,Channels,MeasurementType,RateLim,VariableName}","C - legacy layout, has metadata"
"7. RR1000 Henry\141-RK-MO-2023-10-16-O2-100MPM_0.1feed_0.25DoC_.mat","7. RR1000 Henry","141-RK-MO-2023-10-16-O2-100MPM_0.1feed_0.25DoC_.mat","C - legacy layout, has metadata","ok","","22.415356","2024-09-28 16:40:12","v7.3 (HDF5)","matfile (partial)","3","data|metadata|timestamps","data","404480","9","double","29.12256","0.5","NaN","0.5","9","1","0","1","404480","0","","0","NaN","1","0","16","OpType|Operation|OperationType|EdgeID|SwarfID|Coolant|fileVersion","","25600","1","1.5650265","12-RK-MO-2023-10-16-O2-100MPM_0.1feed_0.25DoC","","","","2023-10-17 14:03:12","25600","48.5","100","656","","0.1","0.25","CNMG 12 04 -08-SGF","","NLX 2500 700","QS-PCLNL 2525-12C","false","false","","","","struct{Devices,Gain}","struct{Device,DeviceIndex,Channels,MeasurementType,RateLim,VariableName}","C - legacy layout, has metadata"
"7. RR1000 Henry\141-RK-MO-2023-10-16-O3-70MPM_0.1feed_0.25DoC.mat","7. RR1000 Henry","141-RK-MO-2023-10-16-O3-70MPM_0.1feed_0.25DoC.mat","C - legacy layout, has metadata","ok","","32.115077","2024-09-28 16:40:13","v7.3 (HDF5)","matfile (partial)","3","data|metadata|timestamps","data","604160","9","double","43.49952","0.5","NaN","0.5","9","1","0","1","604160","0","","0","NaN","1","0","16","OpType|Operation|OperationType|EdgeID|SwarfID|Coolant|fileVersion","","25600","1","20.4977007","12-RK-MO-2023-10-16-O3-70MPM_0.1feed_0.25DoC","","","","2023-10-17 14:10:02","25600","48.5","70","459","","0.1","0.25","CNMG 12 04 -08-SGF","","NLX 2500 700","QS-PCLNL 2525-12C","false","false","","","","struct{Devices,Gain}","struct{Device,DeviceIndex,Channels,MeasurementType,RateLim,VariableName}","C - legacy layout, has metadata"
"7. RR1000 Henry\141-RK-MO-2023-10-16-O4-100MPM_0.1feed_0.25DoC.mat","7. RR1000 Henry","141-RK-MO-2023-10-16-O4-100MPM_0.1feed_0.25DoC.mat","C - legacy layout, has metadata","ok","","29.481369","2024-09-28 16:40:15","v7.3 (HDF5)","matfile (partial)","3","data|metadata|timestamps","data","632320","9","double","45.52704","0.5","NaN","0.5","9","1","0","1","632320","0","","0","NaN","1","0","16","OpType|Operation|OperationType|EdgeID|SwarfID|Coolant|fileVersion","","25600","1","52.3834492","12-RK-MO-2023-10-16-O4-100MPM_0.1feed_0.25DoC","","","","2023-10-17 14:16:17","25600","48.5","100","656","","0.1","0.25","CNMG 12 04 -08-SGF","","NLX 2500 700","QS-PCLNL 2525-12C","false","false","","","","struct{Devices,Gain}","struct{Device,DeviceIndex,Channels,MeasurementType,RateLim,VariableName}","C - legacy layout, has metadata"
"7. RR1000 Henry\141-RK-MO-2023-10-16-R1-100MPM_0.1feed_0.25DoC.mat","7. RR1000 Henry","141-RK-MO-2023-10-16-R1-100MPM_0.1feed_0.25DoC.mat","C - legacy layout, has metadata","ok","","68.807911","2024-09-28 16:40:10","v7.3 (HDF5)","matfile (partial)","3","data|metadata|timestamps","data","1292800","9","double","93.0816","0.5","NaN","0.5","9","1","0","1","1292800","0","","0","NaN","1","0","16","OpType|Operation|OperationType|EdgeID|SwarfID|Coolant|fileVersion","","25600","1","26.1769751","12-RK-MO-2023-10-16-R1-60MPM_0.05feed_0.1DoC","","","","2023-10-17 13:32:27","25600","49","100","650","Roughing pass","0.1","0.25","CNMG 12 04 -08-SGF","","NLX 2500 700","QS-PCLNL 2525-12C","false","false","","","","struct{Devices,Gain}","struct{Device,DeviceIndex,Channels,MeasurementType,RateLim,VariableName}","C - legacy layout, has metadata"
"8. Milling trials (Jozef)\1. Data\1. MAT\16-AA-MO-2017-6-18_FaceClean.mat","8. Milling trials (Jozef)\1. Data\1. MAT","16-AA-MO-2017-6-18_FaceClean.mat","C - legacy layout, has metadata","ok","","135.621871","2024-09-23 17:41:31","v7.3 (HDF5)","matfile (partial)","3","data|metadata|timestamps","data","4113840","9","double","296.19648","0.5","NaN","0.5","9","1","0","1","4113840","0","","0","NaN","1","0","17","OpType|Operation|OperationType|EdgeID|SwarfID|fileVersion","","7314.28571428571","10","66.8515111","16-AA-MO-2017-6-18_FaceClean","","","","2024-06-21 10:47:33","7314.28571428571","80","45","895","Vf = 0.1400, ae 4.8mm.","0.1","0.3","CNMG 12 04 08-SM H13A_8","","NLX-2500 | 700","R390-016A16-11L","false","false","","30.23","","struct{Devices,Gain}","struct{Device,DeviceIndex,Channels,MeasurementType,RateLim,VariableName}","C - legacy layout, has metadata"
"8. Milling trials (Jozef)\1. Data\1. MAT\16-AA-MO-2017-6-18_Step1.mat","8. Milling trials (Jozef)\1. Data\1. MAT","16-AA-MO-2017-6-18_Step1.mat","C - legacy layout, has metadata","ok","","165.550931","2024-06-19 13:44:16","v7.3 (HDF5)","matfile (partial)","3","data|metadata|timestamps","data","3487248","9","double","251.081856","0.5","NaN","0.5","9","1","0","1","3487248","0","","0","NaN","1","0","17","OpType|Operation|OperationType|EdgeID|SwarfID|fileVersion","","7314.28571428571","10","35.1487364","16-AA-MO-2017-6-18","","","","2024-06-19 13:35:33","7314.28571428571","80","45","895","Vf = 0.1400, ae 4.8mm.","0.1","2","R390-11 T3 08M-KM H13A","","DMU 60 Monoblock","R390-016A16-11L","false","false","","30.23","","struct{Devices,Gain}","struct{Device,DeviceIndex,Channels,MeasurementType,RateLim,VariableName}","C - legacy layout, has metadata"
"8. Milling trials (Jozef)\1. Data\1. MAT\16-AA-MO-2017-6-18_Step2.mat","8. Milling trials (Jozef)\1. Data\1. MAT","16-AA-MO-2017-6-18_Step2.mat","C - legacy layout, has metadata","ok","","143.405448","2024-06-19 14:11:34","v7.3 (HDF5)","matfile (partial)","3","data|metadata|timestamps","data","3027552","9","double","217.983744","0.5","NaN","0.5","9","1","0","1","3027552","0","","0","NaN","1","0","17","OpType|Operation|OperationType|EdgeID|SwarfID|fileVersion","","7314.28571428571","10","49.0057438","16-AA-MO-2017-6-18_Step2","","","","2024-06-19 14:04:08","7314.28571428571","80","45","895","Vf = 0.1400, ae 4.8mm.","0.1","2","R390-11 T3 08M-KM H13A","","DMU 60 Monoblock","R390-016A16-11L","false","false","","30.23","","struct{Devices,Gain}","struct{Device,DeviceIndex,Channels,MeasurementType,RateLim,VariableName}","C - legacy layout, has metadata"
"8. Milling trials (Jozef)\1. Data\1. MAT\16-AA-MO-2017-6-18_Step3.mat","8. Milling trials (Jozef)\1. Data\1. MAT","16-AA-MO-2017-6-18_Step3.mat","C - legacy layout, has metadata","ok","","14.101157","2024-06-19 14:27:41","v7.3 (HDF5)","matfile (partial)","3","data|metadata|timestamps","data","297924","9","double","21.450528","0.5","NaN","0.5","9","1","0","1","297924","0","","0","NaN","1","0","17","OpType|Operation|OperationType|EdgeID|SwarfID|fileVersion","","7314.28571428571","10","16.3090049","16-AA-MO-2017-6-18_Step3","","","","2024-06-19 14:26:45","7314.28571428571","80","60","1194","Vf = 0.1400, ae 4.8mm.","0.1","2","R390-11 T3 08M-KM H13A_2","","DMU 60 Monoblock","R390-016A16-11L","false","false","","30.23","","struct{Devices,Gain}","struct{Device,DeviceIndex,Channels,MeasurementType,RateLim,VariableName}","C - legacy layout, has metadata"
"8. Milling trials (Jozef)\1. Data\1. MAT\16-AA-MO-2017-6-18_Step4.mat","8. Milling trials (Jozef)\1. Data\1. MAT","16-AA-MO-2017-6-18_Step4.mat","C - legacy layout, has metadata","ok","","11.441362","2024-06-19 14:36:16","v7.3 (HDF5)","matfile (partial)","3","data|metadata|timestamps","data","241560","9","double","17.39232","0.5","NaN","0.5","9","1","0","1","241560","0","","0","NaN","1","0","17","OpType|Operation|OperationType|EdgeID|SwarfID|fileVersion","","7314.28571428571","10","75.9711045","16-AA-MO-2017-6-18_Step4","","","","2024-06-19 14:35:21","7314.28571428571","80","75","1194","Vf = 0.1400, ae 4.8mm.","0.1","2","R390-11 T3 08M-KM H13A_3","","DMU 60 Monoblock","R390-016A16-11L","false","false","","30.23","","struct{Devices,Gain}","struct{Device,DeviceIndex,Channels,MeasurementType,RateLim,VariableName}","C - legacy layout, has metadata"
"8. Milling trials (Jozef)\1. Data\1. MAT\16-AA-MO-2017-6-18_Step5_FFA.mat","8. Milling trials (Jozef)\1. Data\1. MAT","16-AA-MO-2017-6-18_Step5_FFA.mat","C - legacy layout, has metadata","ok","","25.746772","2024-06-21 10:40:04","v7.3 (HDF5)","matfile (partial)","3","data|metadata|timestamps","data","534360","9","double","38.47392","0.5","NaN","0.5","9","1","0","1","534360","0","","0","NaN","1","0","17","OpType|Operation|OperationType|EdgeID|SwarfID|fileVersion","","7314.28571428571","10","89.6018847","16-AA-MO-2017-6-18_Step5","","","","2024-06-21 10:38:24","7314.28571428571","80","45","895","Vf = 0.1400, ae 4.8mm.","0.1","0.2","CNMG 12 04 08-SM H13A_7","","NLX-2500 | 700","R390-016A16-11L","false","false","","30.23","","struct{Devices,Gain}","struct{Device,DeviceIndex,Channels,MeasurementType,RateLim,VariableName}","C - legacy layout, has metadata"
"8. Milling trials (Jozef)\1. Data\1. MAT\16-AA-MO-2017-6-18_Step6.mat","8. Milling trials (Jozef)\1. Data\1. MAT","16-AA-MO-2017-6-18_Step6.mat","C - legacy layout, has metadata","ok","","12.344221","2024-09-23 17:41:30","v7.3 (HDF5)","matfile (partial)","3","data|metadata|timestamps","data","374784","9","double","26.984448","0.5","NaN","0.5","9","1","0","1","374784","0","","0","NaN","1","0","17","OpType|Operation|OperationType|EdgeID|SwarfID|fileVersion","","7314.28571428571","10","6.0377166","16-AA-MO-2017-6-18_Step6","","","","2024-06-21 11:01:02","7314.28571428571","80","45","895","Vf = 0.1400, ae 4.8mm.","0.1","0.2","CNMG 12 04 08-SM H13A_9","","NLX-2500 | 700","R390-016A16-11L","false","false","","30.23","","struct{Devices,Gain}","struct{Device,DeviceIndex,Channels,MeasurementType,RateLim,VariableName}","C - legacy layout, has metadata"
"8. Milling trials (Jozef)\1. Data\1. MAT\17-AA-MO-2017-6-18_Step1_Partial.mat","8. Milling trials (Jozef)\1. Data\1. MAT","17-AA-MO-2017-6-18_Step1_Partial.mat","C - legacy layout, has metadata","ok","","55.152332","2024-06-19 15:53:11","v7.3 (HDF5)","matfile (partial)","3","data|metadata|timestamps","data","1126400","9","double","81.1008","0.5","NaN","0.5","9","1","0","1","1126400","0","","0","NaN","1","0","17","OpType|Operation|OperationType|EdgeID|SwarfID|fileVersion","","25600","10","84.497657","17-AA-MO-2017-6-18","","","","2024-06-19 15:49:40","25600","80","45","895","Vf = 0.1400, ae 4.8mm.","0.1","0.1","R390-11 T3 08M-MM S30T_1","","NLX-2500 | 700","DDJNL2525X15JETI","false","false","","30.23","","struct{Devices,Gain}","struct{Device,DeviceIndex,Channels,MeasurementType,RateLim,VariableName}","C - legacy layout, has metadata"
"8. Milling trials (Jozef)\1. Data\1. MAT\17-AA-MO-2017-6-18_Step2.mat","8. Milling trials (Jozef)\1. Data\1. MAT","17-AA-MO-2017-6-18_Step2.mat","C - legacy layout, has metadata","ok","","147.909057","2024-06-20 10:32:45","v7.3 (HDF5)","matfile (partial)","3","data|metadata|timestamps","data","3119052","9","double","224.571744","0.5","NaN","0.5","9","1","0","1","3119052","0","","0","NaN","1","0","17","OpType|Operation|OperationType|EdgeID|SwarfID|fileVersion","","7314.28571428571","10","19.2392299","17-AA-MO-2017-6-18_Step2","","","","2024-06-20 10:23:54","7314.28571428571","80","45","895","Vf = 0.1400, ae 4.8mm.","0.1","2","R390-11 T3 08M-MM S30T_1","","DMU 60 Monoblock","R390-016A-11L","false","false","","38","","struct{Devices,Gain}","struct{Device,DeviceIndex,Channels,MeasurementType,RateLim,VariableName}","C - legacy layout, has metadata"
"8. Milling trials (Jozef)\1. Data\1. MAT\17-AA-MO-2017-6-18_Step3.mat","8. Milling trials (Jozef)\1. Data\1. MAT","17-AA-MO-2017-6-18_Step3.mat","C - legacy layout, has metadata","ok","","21.675546","2024-06-20 11:01:33","v7.3 (HDF5)","matfile (partial)","3","data|metadata|timestamps","data","458964","9","double","33.045408","0.5","NaN","0.5","9","1","0","1","458964","0","","0","NaN","1","0","17","OpType|Operation|OperationType|EdgeID|SwarfID|fileVersion","","7314.28571428571","10","14.3658385","17-AA-MO-2017-6-18_Step3","","","","2024-06-20 11:00:15","7314.28571428571","80","60","1194","Vf = 0.1400, ae 4.8mm.","0.1","0.1","R390-11 T3 08M-MM S30T_3","","DMU 60 Monoblock","R390-016A16-11L","false","false","","38","","struct{Devices,Gain}","struct{Device,DeviceIndex,Channels,MeasurementType,RateLim,VariableName}","C - legacy layout, has metadata"
"8. Milling trials (Jozef)\1. Data\1. MAT\17-AA-MO-2017-6-18_Step4.mat","8. Milling trials (Jozef)\1. Data\1. MAT","17-AA-MO-2017-6-18_Step4.mat","C - legacy layout, has metadata","ok","","14.976253","2024-06-20 11:16:46","v7.3 (HDF5)","matfile (partial)","3","data|metadata|timestamps","data","316224","9","double","22.768128","0.5","NaN","0.5","9","1","0","1","316224","0","","0","NaN","1","0","17","OpType|Operation|OperationType|EdgeID|SwarfID|fileVersion","","7314.28571428571","10","40.1796656","17-AA-MO-2017-6-18_Step4","","","","2024-06-20 11:15:48","7314.28571428571","80","75","1194","Vf = 0.1400, ae 4.8mm.","0.1","0.1","R390-11 T3 08M-MM S30T_4","","DMU 60 Monoblock","R390-016A16-11L","false","false","","38","","struct{Devices,Gain}","struct{Device,DeviceIndex,Channels,MeasurementType,RateLim,VariableName}","C - legacy layout, has metadata"
"8. Milling trials (Jozef)\1. Data\1. MAT\18-AA-MF-2024-6-7_Step1.mat","8. Milling trials (Jozef)\1. Data\1. MAT","18-AA-MF-2024-6-7_Step1.mat","C - legacy layout, has metadata","ok","","170.706923","2024-06-20 12:07:44","v7.3 (HDF5)","matfile (partial)","3","data|metadata|timestamps","data","3592656","9","double","258.671232","0.5","NaN","0.5","9","1","0","1","3592656","0","","0","NaN","1","0","17","OpType|Operation|OperationType|EdgeID|SwarfID|fileVersion","","7314.28571428571","10","44.9363302","18-AA-MF-2024-6-7_Step1","","","","2024-06-20 11:59:02","7314.28571428571","80","45","895","Vf = 0.1400, ae 4.8mm.","0.1","0.1","R390-11 T3 08M-MM S30T_1","","DMU 60 Monoblock","R390-016A16-11L","false","false","","38","","struct{Devices,Gain}","struct{Device,DeviceIndex,Channels,MeasurementType,RateLim,VariableName}","C - legacy layout, has metadata"
"8. Milling trials (Jozef)\1. Data\1. MAT\18-AA-MF-2024-6-7_Step2.mat","8. Milling trials (Jozef)\1. Data\1. MAT","18-AA-MF-2024-6-7_Step2.mat","C - legacy layout, has metadata","ok","","131.200285","2024-06-20 12:16:46","v7.3 (HDF5)","matfile (partial)","3","data|metadata|timestamps","data","2741340","9","double","197.37648","0.5","NaN","0.5","9","1","0","1","2741340","0","","0","NaN","1","0","17","OpType|Operation|OperationType|EdgeID|SwarfID|fileVersion","","7314.28571428571","10","28.154893","18-AA-MF-2024-6-7_Step2","","","","2024-06-20 12:10:13","7314.28571428571","80","60","1194","Vf = 0.1400, ae 4.8mm.","0.1","0.1","R390-11 T3 08M-MM S30T_1","","DMU 60 Monoblock","R390-016A16-11L","false","false","","38","","struct{Devices,Gain}","struct{Device,DeviceIndex,Channels,MeasurementType,RateLim,VariableName}","C - legacy layout, has metadata"
"8. Milling trials (Jozef)\1. Data\1. MAT\18-AA-MF-2024-6-7_Step3.mat","8. Milling trials (Jozef)\1. Data\1. MAT","18-AA-MF-2024-6-7_Step3.mat","C - legacy layout, has metadata","ok","","19.027598","2024-06-20 13:34:15","v7.3 (HDF5)","matfile (partial)","3","data|metadata|timestamps","data","405528","9","double","29.198016","0.5","NaN","0.5","9","1","0","1","405528","0","","0","NaN","1","0","17","OpType|Operation|OperationType|EdgeID|SwarfID|fileVersion","","7314.28571428571","10","26.9888554","18-AA-MF-2024-6-7_Step3","","","","2024-06-20 13:32:52","7314.28571428571","80","75","1492","Vf = 0.1400, ae 4.8mm.","0.1","0.1","CNMG 12 04 08-SM H13A_5","","DMU 60 Monoblock","R390-016A16-11L","false","false","","38","","struct{Devices,Gain}","struct{Device,DeviceIndex,Channels,MeasurementType,RateLim,VariableName}","C - legacy layout, has metadata"
"8. Milling trials (Jozef)\1. Data\1. MAT\18-AA-MF-2024-6-7_Step4.mat","8. Milling trials (Jozef)\1. Data\1. MAT","18-AA-MF-2024-6-7_Step4.mat","C - legacy layout, has metadata","ok","","34.612632","2024-06-20 13:45:50","v7.3 (HDF5)","matfile (partial)","3","data|metadata|timestamps","data","730536","9","double","52.598592","0.5","NaN","0.5","9","1","0","1","730536","0","","0","NaN","1","0","17","OpType|Operation|OperationType|EdgeID|SwarfID|fileVersion","","7314.28571428571","10","13.7903704","18-AA-MF-2024-6-7_Step4","","","","2024-06-20 13:43:54","7314.28571428571","80","45","895","Vf = 0.1400, ae 4.8mm.","0.1","0.1","CNMG 12 04 08-SM H13A_6","","DMU 60 Monoblock","R390-016A16-11L","false","false","","38","","struct{Devices,Gain}","struct{Device,DeviceIndex,Channels,MeasurementType,RateLim,VariableName}","C - legacy layout, has metadata"
"8. Milling trials (Jozef)\1. Data\1. MAT\19-AA-MF-2024-6-7_Step1.mat","8. Milling trials (Jozef)\1. Data\1. MAT","19-AA-MF-2024-6-7_Step1.mat","C - legacy layout, has metadata","ok","","176.688077","2024-06-20 14:16:48","v7.3 (HDF5)","matfile (partial)","3","data|metadata|timestamps","data","3766140","9","double","271.16208","0.5","NaN","0.5","9","1","0","1","3766140","0","","0","NaN","1","0","17","OpType|Operation|OperationType|EdgeID|SwarfID|fileVersion","","7314.28571428571","10","66.6655619","19-AA-MF-2024-6-7_Step1","","","","2024-06-20 14:07:40","7314.28571428571","80","45","895","Vf = 0.1400, ae 4.8mm.","0.1","0.1","R390-11 T3 08M-MM S30T_4","","DMU 60 Monoblock","R390-016A16-11L","false","false","","38","","struct{Devices,Gain}","struct{Device,DeviceIndex,Channels,MeasurementType,RateLim,VariableName}","C - legacy layout, has metadata"
"8. Milling trials (Jozef)\1. Data\1. MAT\19-AA-MF-2024-6-7_Step2.mat","8. Milling trials (Jozef)\1. Data\1. MAT","19-AA-MF-2024-6-7_Step2.mat","C - legacy layout, has metadata","ok","","140.626383","2024-06-20 14:25:58","v7.3 (HDF5)","matfile (partial)","3","data|metadata|timestamps","data","2979240","9","double","214.50528","0.5","NaN","0.5","9","1","0","1","2979240","0","","0","NaN","1","0","17","OpType|Operation|OperationType|EdgeID|SwarfID|fileVersion","","7314.28571428571","10","35.1881394","19-AA-MF-2024-6-7_Step2","","","","2024-06-20 14:18:42","7314.28571428571","80","45","895","Vf = 0.1400, ae 4.8mm.","0.1","0.1","R390-11 T3 08M-MM S30T_4","","DMU 60 Monoblock","R390-016A16-11L","false","false","","38","","struct{Devices,Gain}","struct{Device,DeviceIndex,Channels,MeasurementType,RateLim,VariableName}","C - legacy layout, has metadata"
"8. Milling trials (Jozef)\1. Data\1. MAT\19-AA-MF-2024-6-7_Step3.mat","8. Milling trials (Jozef)\1. Data\1. MAT","19-AA-MF-2024-6-7_Step3.mat","C - legacy layout, has metadata","ok","","12.663987","2024-06-20 14:32:27","v7.3 (HDF5)","matfile (partial)","3","data|metadata|timestamps","data","267180","9","double","19.23696","0.5","NaN","0.5","9","1","0","1","267180","0","","0","NaN","1","0","17","OpType|Operation|OperationType|EdgeID|SwarfID|fileVersion","","7314.28571428571","10","49.8145064","19-AA-MF-2024-6-7_Step3","","","","2024-06-20 14:31:36","7314.28571428571","80","60","895","Vf = 0.1400, ae 4.8mm.","0.1","0.1","R390-11 T3 08M-MM S30T_5","","DMU 60 Monoblock","R390-016A16-11L","false","false","","38","","struct{Devices,Gain}","struct{Device,DeviceIndex,Channels,MeasurementType,RateLim,VariableName}","C - legacy layout, has metadata"
"8. Milling trials (Jozef)\1. Data\1. MAT\19-AA-MF-2024-6-7_Step4.mat","8. Milling trials (Jozef)\1. Data\1. MAT","19-AA-MF-2024-6-7_Step4.mat","C - legacy layout, has metadata","ok","","12.765913","2024-06-20 14:36:11","v7.3 (HDF5)","matfile (partial)","3","data|metadata|timestamps","data","274500","9","double","19.764","0.5","NaN","0.5","9","1","0","1","274500","0","","0","NaN","1","0","17","OpType|Operation|OperationType|EdgeID|SwarfID|fileVersion","","7314.28571428571","10","7.4206634","19-AA-MF-2024-6-7_Step3","","","","2024-06-20 14:35:10","7314.28571428571","80","75","1492","Vf = 0.1400, ae 4.8mm.","0.1","0.1","R390-11 T3 08M-MM S30T_5","","DMU 60 Monoblock","R390-016A16-11L","false","false","","38","","struct{Devices,Gain}","struct{Device,DeviceIndex,Channels,MeasurementType,RateLim,VariableName}","C - legacy layout, has metadata"
"8. Milling trials (Jozef)\1. Data\Tests\SpindleWithCoolant.mat","8. Milling trials (Jozef)\1. Data\Tests","SpindleWithCoolant.mat","C - legacy layout, has metadata","ok","","172.765628","2024-09-23 17:41:26","v7.3 (HDF5)","matfile (partial)","3","data|metadata|timestamps","data","3601920","9","double","259.33824","0.5","NaN","0.5","9","1","0","1","3601920","0","","0","NaN","1","0","17","OpType|Operation|OperationType|EdgeID|SwarfID|fileVersion","","25600","10","35.1494737","2-AA-MF-2023-3-23","","","","2024-06-19 12:51:13","25600","80","30","1000","","0.1","0.1","CCMT 09 T3 08-MF S205","","NLX-2500 | 700","DDJNL2525X15JETI","false","false","","30.23","","struct{Devices,Gain}","struct{Device,DeviceIndex,Channels,MeasurementType,RateLim,VariableName}","C - legacy layout, has metadata"
"8. Milling trials (Jozef)\1. Data\Tests\test7134Hz.mat","8. Milling trials (Jozef)\1. Data\Tests","test7134Hz.mat","C - legacy layout, has metadata","ok","","12.086433","2024-09-23 17:41:27","v7.3 (HDF5)","matfile (partial)","3","data|metadata|timestamps","data","255468","9","double","18.393696","0.5","NaN","0.5","9","1","0","1","255468","0","","0","NaN","1","0","17","OpType|Operation|OperationType|EdgeID|SwarfID|fileVersion","","7314.28571428571","10","47.5597172","16-AA-MO-2017-6-18","","","","2024-06-19 11:38:50","7314.28571428571","80","30","1000","","0.1","0.1","CCMT 09 T3 08-MF S205","","NLX-2500 | 700","DDJNL2525X15JETI","false","false","","30.23","","struct{Devices,Gain}","struct{Device,DeviceIndex,Channels,MeasurementType,RateLim,VariableName}","C - legacy layout, has metadata"
"9. Ti-17 + Pizza Trials (Dillon)\2. Data\15-AF-MO-2019-6-11-F1-100MPM_0.05feed_0.1DoC.mat","9. Ti-17 + Pizza Trials (Dillon)\2. Data","15-AF-MO-2019-6-11-F1-100MPM_0.05feed_0.1DoC.mat","C - legacy layout, has metadata","ok","","133.643731","2024-09-28 16:39:51","v7.3 (HDF5)","matfile (partial)","3","data|metadata|timestamps","data","6318080","9","double","454.90176","0.5","NaN","0.5","9","1","0","1","6318080","0","","0","NaN","1","0","17","Operation|OperationType|TriggerTime|EdgeID|SwarfID|fileVersion","","25600","10","52.519445","15-AF-MO-2019-6-11","","","","","25600","250","100","3000","","0.05","0.1","VNMG150604-MF1 890 (A41)","","NLX-2500 | 700","DDJNL2525X15JETI","false","false","","1e-05","","struct{Devices,Gain}","struct{Device,DeviceIndex,Channels,MeasurementType,RateLim,VariableName}","C - legacy layout, has metadata"
"9. Ti-17 + Pizza Trials (Dillon)\2. Data\15-AF-MO-2019-6-11-F2-30MPM_0.1feed_0.1DoC.mat","9. Ti-17 + Pizza Trials (Dillon)\2. Data","15-AF-MO-2019-6-11-F2-30MPM_0.1feed_0.1DoC.mat","C - legacy layout, has metadata","ok","","3078.949284","2024-09-28 16:39:49","v7.3 (HDF5)","matfile (partial)","3","data|metadata|timestamps","data","52313600","9","double","3766.5792","0.5","NaN","0.5","9","1","0","1","52313600","0","","0","NaN","1","0","17","Operation|OperationType|TriggerTime|EdgeID|SwarfID|fileVersion","","25600","10","103.3429754","15-AF-MO-2019-6-11","VC","","","","25600","250","30","3000","","0.1","0.1","VNMG150604-MF1 890 (A41)","","NLX-2500 | 700","DDJNL2525X15JETI","true","false","","1e-05","","struct{Devices,Gain}","struct{Device,DeviceIndex,Channels,MeasurementType,RateLim,VariableName}","C - legacy layout, has metadata"
"9. Ti-17 + Pizza Trials (Dillon)\2. Data\15-AF-MO-2019-6-11-F3-100MPM_0.1feed_0.1DoC.mat","9. Ti-17 + Pizza Trials (Dillon)\2. Data","15-AF-MO-2019-6-11-F3-100MPM_0.1feed_0.1DoC.mat","C - legacy layout, has metadata","ok","","508.539056","2024-09-28 16:39:43","v7.3 (HDF5)","matfile (partial)","3","data|metadata|timestamps","data","8721920","9","double","627.97824","0.5","NaN","0.5","9","1","0","1","8721920","0","","0","NaN","1","0","17","Operation|OperationType|TriggerTime|EdgeID|SwarfID|fileVersion","","25600","10","35.4964726","15-AF-MO-2019-6-11","VC","","","","25600","250","100","3000","","0.1","0.1","VNMG150604-MF1 890 (A41)","","NLX-2500 | 700","DDJNL2525X15JETI","true","false","","1e-05","","struct{Devices,Gain}","struct{Device,DeviceIndex,Channels,MeasurementType,RateLim,VariableName}","C - legacy layout, has metadata"
"9. Ti-17 + Pizza Trials (Dillon)\2. Data\15-AF-MO-2019-6-11-F4-50MPM_0.1feed_0.1DoC.mat","9. Ti-17 + Pizza Trials (Dillon)\2. Data","15-AF-MO-2019-6-11-F4-50MPM_0.1feed_0.1DoC.mat","C - legacy layout, has metadata","ok","","949.144025","2024-09-28 16:39:24","v7.3 (HDF5)","matfile (partial)","3","data|metadata|timestamps","data","15915520","9","double","1145.91744","0.5","NaN","0.5","9","1","0","1","15915520","0","","0","NaN","1","0","17","Operation|OperationType|TriggerTime|EdgeID|SwarfID|fileVersion","","25600","10","33.8391319","15-AF-MO-2019-6-11","VC","","","","25600","250","50","3000","","0.1","0.1","CCMT 09 T3 08-MF S205","","NLX-2500 | 700","DDJNL2525X15JETI","true","false","","0.0001","","struct{Devices,Gain}","struct{Device,DeviceIndex,Channels,MeasurementType,RateLim,VariableName}","C - legacy layout, has metadata"
"9. Ti-17 + Pizza Trials (Dillon)\2. Data\15-AF-MO-2019-6-11-F5-50MPM_0.1feed_0.1DoC.mat","9. Ti-17 + Pizza Trials (Dillon)\2. Data","15-AF-MO-2019-6-11-F5-50MPM_0.1feed_0.1DoC.mat","C - legacy layout, has metadata","ok","","941.443575","2024-09-28 16:39:25","v7.3 (HDF5)","matfile (partial)","3","data|metadata|timestamps","data","16025600","9","double","1153.8432","0.5","NaN","0.5","9","1","0","1","16025600","0","","0","NaN","1","0","17","Operation|OperationType|TriggerTime|EdgeID|SwarfID|fileVersion","","25600","10","62.1395975","15-AF-MO-2019-6-11","VC","","","","25600","250","50","3000","","0.1","0.1","CNMG 12 04 08-SM 1105","","NLX-2500 | 700","QS-PCLNL 2525-12C","false","false","","30.23","","struct{Devices,Gain}","struct{Device,DeviceIndex,Channels,MeasurementType,RateLim,VariableName}","C - legacy layout, has metadata"
"9. Ti-17 + Pizza Trials (Dillon)\2. Data\15-AF-MO-2019-6-11-F6-30MPM_0.1feed_0.25DoC.mat","9. Ti-17 + Pizza Trials (Dillon)\2. Data","15-AF-MO-2019-6-11-F6-30MPM_0.1feed_0.25DoC.mat","C - legacy layout, has metadata","ok","","1589.504871","2024-09-28 16:39:26","v7.3 (HDF5)","matfile (partial)","3","data|metadata|timestamps","data","26455040","9","double","1904.76288","0.5","NaN","0.5","9","1","0","1","26455040","0","","0","NaN","1","0","17","Operation|OperationType|TriggerTime|EdgeID|SwarfID|fileVersion","","25600","10","42.4640955","15-AF-MO-2019-6-11","VC","","","","25600","250","30","3000","","0.1","0.25","CNMG 12 04 08-SM H13A","","NLX-2500 | 700","QS-PCLNL 2525-12C","false","false","","1e-05","","struct{Devices,Gain}","struct{Device,DeviceIndex,Channels,MeasurementType,RateLim,VariableName}","C - legacy layout, has metadata"
"9. Ti-17 + Pizza Trials (Dillon)\2. Data\15-AF-MO-2019-6-11-F7-30MPM_0.1eed_0.5Doc.mat","9. Ti-17 + Pizza Trials (Dillon)\2. Data","15-AF-MO-2019-6-11-F7-30MPM_0.1eed_0.5Doc.mat","C - legacy layout, has metadata","ok","","1620.201325","2024-09-28 16:39:27","v7.3 (HDF5)","matfile (partial)","3","data|metadata|timestamps","data","26485760","9","double","1906.97472","0.5","NaN","0.5","9","1","0","1","26485760","0","","0","NaN","1","0","17","Operation|OperationType|TriggerTime|EdgeID|SwarfID|fileVersion","","25600","10","110.7604014","15-AF-MO-2019-6-11","VC","","","","25600","250","30","3000","","0.1","0.5","CNMG 12 04 08-SM H13A","","NLX-2500 | 700","QS-PCLNL 2525-12C","false","false","","1e-05","","struct{Devices,Gain}","struct{Device,DeviceIndex,Channels,MeasurementType,RateLim,VariableName}","C - legacy layout, has metadata"
"9. Ti-17 + Pizza Trials (Dillon)\2. Data\15-AF-MO-2019-6-11-F8-30MPM_0.1feed_1DoC.mat","9. Ti-17 + Pizza Trials (Dillon)\2. Data","15-AF-MO-2019-6-11-F8-30MPM_0.1feed_1DoC.mat","C - legacy layout, has metadata","ok","","1635.154934","2024-10-09 12:36:45","v7.3 (HDF5)","matfile (partial)","3","data|metadata|timestamps","data","26647040","9","double","1918.58688","0.5","NaN","0.5","9","1","0","1","26647040","0","","0","NaN","1","0","17","Operation|OperationType|TriggerTime|EdgeID|SwarfID|fileVersion","","25600","100","55.0750931","15-AF-MO-2019-6-11","VC","","","","25600","250","30","1000","","0.1","1","CNMG 12 04 08-SM H13A","","NLX-2500 | 700","QS-PCLNL 2525-12C","false","false","","1e-05","","struct{Devices,Gain}","struct{Device,DeviceIndex,Channels,MeasurementType,RateLim,VariableName}","C - legacy layout, has metadata"
"9. Ti-17 + Pizza Trials (Dillon)\2. Data\24-AC-MF-2022-4-1-F1-30MPM_0.15feed_0.15DoC.mat","9. Ti-17 + Pizza Trials (Dillon)\2. Data","24-AC-MF-2022-4-1-F1-30MPM_0.15feed_0.15DoC.mat","C - legacy layout, has metadata","ok","","123.688152","2024-09-28 16:39:34","v7.3 (HDF5)","matfile (partial)","3","data|metadata|timestamps","data","2232320","9","double","160.72704","0.5","NaN","0.5","9","1","0","1","2232320","0","","0","NaN","1","0","18","Operation|OperationType|EdgeID|SwarfID|fileVersion","","25600","100","47.6028248","24-AC-MF-2022-4-1","VC","","","","25600","80","30","1000","","0.15","0.15","CNMG 12 04 08-SM H13A","","NLX-2500 | 700","QS-PCLNL 2525-12C","false","false","","1e-05","","struct{Devices,Gain}","struct{Device,DeviceIndex,Channels,MeasurementType,RateLim,VariableName}","C - legacy layout, has metadata"
"9. Ti-17 + Pizza Trials (Dillon)\2. Data\24-AC-MF-2022-4-1-F2-30MPM_0.05feed_0.1DoC.mat","9. Ti-17 + Pizza Trials (Dillon)\2. Data","24-AC-MF-2022-4-1-F2-30MPM_0.05feed_0.1DoC.mat","C - legacy layout, has metadata","ok","","348.784808","2024-09-28 16:39:30","v7.3 (HDF5)","matfile (partial)","3","data|metadata|timestamps","data","6351360","9","double","457.29792","0.5","NaN","0.5","9","1","0","1","6351360","0","","0","NaN","1","0","17","Operation|OperationType|TriggerTime|EdgeID|SwarfID|fileVersion","","25600","100","40.9683078","24-AC-MF-2022-4-1","VC","","","","25600","80","30","1000","","0.05","0.1","CNMG 12 04 08-SM H13A","","NLX-2500 | 700","QS-PCLNL 2525-12C","false","false","","1e-05","","struct{Devices,Gain}","struct{Device,DeviceIndex,Channels,MeasurementType,RateLim,VariableName}","C - legacy layout, has metadata"
"9. Ti-17 + Pizza Trials (Dillon)\2. Data\6-AA-MF-2023-3-23-F1-30MPM_0.05feed_0.1DoC.mat","9. Ti-17 + Pizza Trials (Dillon)\2. Data","6-AA-MF-2023-3-23-F1-30MPM_0.05feed_0.1DoC.mat","C - legacy layout, has metadata","ok","","344.565068","2024-09-28 16:39:31","v7.3 (HDF5)","matfile (partial)","3","data|metadata|timestamps","data","6346240","9","double","456.92928","0.5","NaN","0.5","9","1","0","1","6346240","0","","0","NaN","1","0","17","Operation|OperationType|TriggerTime|EdgeID|SwarfID|fileVersion","","25600","100","102.9727462","6-AA-MF-2023-3-23","VC","","","","25600","80","30","1000","","0.05","0.1","CNMG 12 04 08-SM H13A","","NLX-2500 | 700","QS-PCLNL 2525-12C","false","false","","1e-05","","struct{Devices,Gain}","struct{Device,DeviceIndex,Channels,MeasurementType,RateLim,VariableName}","C - legacy layout, has metadata"
"9. Ti-17 + Pizza Trials (Dillon)\2. Data\6-AA-MF-2023-3-23-F2-30MPM_0.05feed_1DoC.mat","9. Ti-17 + Pizza Trials (Dillon)\2. Data","6-AA-MF-2023-3-23-F2-30MPM_0.05feed_1DoC.mat","C - legacy layout, has metadata","ok","","438.776693","2024-09-28 16:39:33","v7.3 (HDF5)","matfile (partial)","3","data|metadata|timestamps","data","9034240","9","double","650.46528","0.5","NaN","0.5","9","1","0","1","9034240","0","","0","NaN","1","0","17","Operation|OperationType|TriggerTime|EdgeID|SwarfID|fileVersion","","25600","100","29.1156086","6-AA-MF-2023-3-23","VC","","","","25600","80","30","1000","","0.05","1","CNMG 12 04 08-SM H13A","","NLX-2500 | 700","QS-PCLNL 2525-12C","false","false","","1e-05","","struct{Devices,Gain}","struct{Device,DeviceIndex,Channels,MeasurementType,RateLim,VariableName}","C - legacy layout, has metadata"
"9. Ti-17 + Pizza Trials (Dillon)\2. Data\6-AA-MF-2023-3-23-F3_30MPM_0.05feed.mat","9. Ti-17 + Pizza Trials (Dillon)\2. Data","6-AA-MF-2023-3-23-F3_30MPM_0.05feed.mat","C - legacy layout, has metadata","ok","","1466.798505","2024-09-28 16:39:48","v7.3 (HDF5)","matfile (partial)","3","data|metadata|timestamps","data","27005440","9","double","1944.39168","0.5","NaN","0.5","9","1","0","1","27005440","0","","0","NaN","1","0","17","Operation|OperationType|TriggerTime|EdgeID|SwarfID|fileVersion","","25600","100","98.2878232","6-AA-MF-2023-3-23","VC","","","","25600","80","30","1000","","0.05","1","CNMG 12 04 08-SM H13A","","NLX-2500 | 700","QS-PCLNL 2525-12C","false","false","","1e-05","","struct{Devices,Gain}","struct{Device,DeviceIndex,Channels,MeasurementType,RateLim,VariableName}","C - legacy layout, has metadata"
"9. Ti-17 + Pizza Trials (Dillon)\2. Data\6-AA-MF-2023-3-23-F4_30MPM_0.05feed.mat","9. Ti-17 + Pizza Trials (Dillon)\2. Data","6-AA-MF-2023-3-23-F4_30MPM_0.05feed.mat","C - legacy layout, has metadata","ok","","343.282997","2024-09-28 16:39:47","v7.3 (HDF5)","matfile (partial)","3","data|metadata|timestamps","data","6179840","9","double","444.94848","0.5","NaN","0.5","9","1","0","1","6179840","0","","0","NaN","1","0","18","Operation|OperationType|EdgeID|SwarfID|fileVersion","","25600","100","5.7637196","6-AA-MF-2023-3-23","VC","","","","25600","80","30","1000","","0.05","0.1","VNMG150604-MF1 890 (A41)","","NLX-2500 | 700","DDJNL2525X15JETI","false","false","","1e-05","","struct{Devices,Gain}","struct{Device,DeviceIndex,Channels,MeasurementType,RateLim,VariableName}","C - legacy layout, has metadata"
"10. FRF Matrix + Extra\4. Tap Testing\Sandvik Tool\Figures\figures_sandvik_10-AA-MF-2023-3-31-F22-30MPM_0.05feed_0.1DoC\workspace_10-AA-MF-2023-3-31-F22-30MPM_0.05feed_0.1DoC.mat","10. FRF Matrix + Extra\4. Tap Testing\Sandvik Tool\Figures\figures_sandvik_10-AA-MF-2023-3-31-F22-30MPM_0.05feed_0.1DoC","workspace_10-AA-MF-2023-3-31-F22-30MPM_0.05feed_0.1DoC.mat","D - legacy, no metadata","ok","","830.563126","2026-06-22 17:23:27","v7.3 (HDF5)","matfile (partial)","21","Fx_cor|Fx_filt|Fx_raw|Fy_cor|Fy_filt|Fy_raw|Fz_cor|Fz_filt|Fz_raw|T|Tacho|corr|cutWin|fHP|fLP|fMaxCorr|fMinCorr|notchFreqs|preCutWin|raw|t","","NaN","NaN","","NaN","NaN","NaN","NaN","NaN","0","0","0","NaN","0","","0","NaN","0","0","NaN","","","NaN","NaN","11.4022777","","","","","","","","","","","","","","","","","","","","","","","","N - not a force capture"
"10. FRF Matrix + Extra\4. Tap Testing\Sandvik Tool\Figures\figures_sandvik_10-AA-MF-2023-3-31-F24-30MPM_0.05feed_0.05DoC\workspace_10-AA-MF-2023-3-31-F24-30MPM_0.05feed_0.05DoC.mat","10. FRF Matrix + Extra\4. Tap Testing\Sandvik Tool\Figures\figures_sandvik_10-AA-MF-2023-3-31-F24-30MPM_0.05feed_0.05DoC","workspace_10-AA-MF-2023-3-31-F24-30MPM_0.05feed_0.05DoC.mat","D - legacy, no metadata","ok","","844.38523","2026-06-18 22:40:26","v7.3 (HDF5)","matfile (partial)","22","Fx_cor|Fx_filt|Fx_raw|Fy_cor|Fy_filt|Fy_raw|Fz_cor|Fz_filt|Fz_raw|T|Tacho|corr|cutWin|fHP|fLP|fMaxCorr|fMinCorr|lambda|notchFreqs|preCutWin|raw|t","","NaN","NaN","","NaN","NaN","NaN","NaN","NaN","0","0","0","NaN","0","","0","NaN","0","0","NaN","","","NaN","NaN","11.713388","","","","","","","","","","","","","","","","","","","","","","","","N - not a force capture"
"11. LPC Trials (Dennis)\2. Data\Force\122-AA-MM-2025-6-5-F1-30MPM_0.1feed_0.1DoC.mat","11. LPC Trials (Dennis)\2. Data\Force","122-AA-MM-2025-6-5-F1-30MPM_0.1feed_0.1DoC.mat","D - legacy, no metadata","ok","","5816.947116","2025-11-18 10:59:18","v7.3 (HDF5)","matfile (partial)","0","","","NaN","NaN","","NaN","NaN","NaN","NaN","NaN","0","0","0","NaN","0","","0","NaN","0","0","NaN","","","NaN","NaN","89.3604135","","","","","","","","","","","","","","","","","","","","","","","","N - not a force capture"
"11. LPC Trials (Dennis)\2. Data\Force\122-AA-MM-2025-6-5-F1-30MPM_0.1feed_0.1DoC_raw.mat","11. LPC Trials (Dennis)\2. Data\Force","122-AA-MM-2025-6-5-F1-30MPM_0.1feed_0.1DoC_raw.mat","D - legacy, no metadata","ok","","5717.3206","2025-12-02 23:06:48","v7.3 (HDF5)","matfile (partial)","2","data|timestamps","data","89748480","9","double","6461.89056","0.5","NaN","0.5","9","1","0","1","89748480","0","","0","NaN","0","0","NaN","","","NaN","NaN","129.7855803","","","","","","","","","","","","","","","","","","","","","","","","D - legacy, no metadata"
"11. LPC Trials (Dennis)\2. Data\Force\122-AA-MM-2025-6-5-F11-30MPM_0.1feed_0.1DoC_raw.mat","11. LPC Trials (Dennis)\2. Data\Force","122-AA-MM-2025-6-5-F11-30MPM_0.1feed_0.1DoC_raw.mat","D - legacy, no metadata","ok","","11643.468526","2025-12-01 21:12:53","v7.3 (HDF5)","matfile (partial)","2","data|timestamps","data","182922240","9","double","13170.40128","0.5","NaN","0.5","9","1","0","1","182922240","0","","0","NaN","0","0","NaN","","","NaN","NaN","196.1130482","","","","","","","","","","","","","","","","","","","","","","","","D - legacy, no metadata"
"11. LPC Trials (Dennis)\2. Data\Force\122-AA-MM-2025-6-5-F6-90MPM_0.1feed_0.1DoC_raw.mat","11. LPC Trials (Dennis)\2. Data\Force","122-AA-MM-2025-6-5-F6-90MPM_0.1feed_0.1DoC_raw.mat","D - legacy, no metadata","ok","","11733.157493","2025-12-01 21:30:39","v7.3 (HDF5)","matfile (partial)","2","data|timestamps","data","184852480","9","double","13309.37856","0.5","NaN","0.5","9","1","0","1","184852480","0","","0","NaN","0","0","NaN","","","NaN","NaN","280.5075681","","","","","","","","","","","","","","","","","","","","","","","","D - legacy, no metadata"
"11. LPC Trials (Dennis)\2. Data\Tap Testing\TapTestingLabAmpSettings_X.mat","11. LPC Trials (Dennis)\2. Data\Tap Testing","TapTestingLabAmpSettings_X.mat","D - legacy, no metadata","ok","","0.004783","2025-11-19 14:45:34","v6/v7","whos -file","1","AmpSettings","","NaN","NaN","","NaN","NaN","NaN","NaN","NaN","0","0","0","NaN","0","","1","113.396","0","0","NaN","","","NaN","NaN","0.0055838","","","","","","","","","","","","","","","","","","","","","","","","N - not a force capture"
"11. LPC Trials (Dennis)\2. Data\Tap Testing\TapTestingLabAmpSettings_X2.mat","11. LPC Trials (Dennis)\2. Data\Tap Testing","TapTestingLabAmpSettings_X2.mat","D - legacy, no metadata","ok","","0.004784","2025-11-19 15:10:10","v6/v7","whos -file","1","AmpSettings","","NaN","NaN","","NaN","NaN","NaN","NaN","NaN","0","0","0","NaN","0","","1","113.396","0","0","NaN","","","NaN","NaN","0.0221093","","","","","","","","","","","","","","","","","","","","","","","","N - not a force capture"
"11. LPC Trials (Dennis)\2. Data\Tap Testing\TapTestingLabAmpSettings_YZ.mat","11. LPC Trials (Dennis)\2. Data\Tap Testing","TapTestingLabAmpSettings_YZ.mat","D - legacy, no metadata","ok","","0.004785","2025-11-19 14:09:05","v6/v7","whos -file","1","AmpSettingsTapTesting","","NaN","NaN","","NaN","NaN","NaN","NaN","NaN","0","0","0","NaN","0","","0","NaN","0","0","NaN","","","NaN","NaN","11.8251943","","","","","","","","","","","","","","","","","","","","","","","","N - not a force capture"
"2. FAST Ti-64 Digital Twin Project\4. Processed Data\Disc B2\B2FcAngles.mat","2. FAST Ti-64 Digital Twin Project\4. Processed Data\Disc B2","B2FcAngles.mat","D - legacy, no metadata","ok","","2.861123","2023-03-14 11:03:36","v6/v7","whos -file","1","B2_angles","","NaN","NaN","","NaN","NaN","NaN","NaN","NaN","0","0","0","NaN","0","","0","NaN","0","0","NaN","","","NaN","NaN","40.2649551","","","","","","","","","","","","","","","","","","","","","","","","N - not a force capture"
"6. FAST Ti-64 Rolled + Powder (Dennis)\4. Data\10-AA-MF-2023-3-31\10-AA-MF-2023-3-31-F22-30MPM_0.05feed_0.1DoC_CROPPED.mat","6. FAST Ti-64 Rolled + Powder (Dennis)\4. Data\10-AA-MF-2023-3-31","10-AA-MF-2023-3-31-F22-30MPM_0.05feed_0.1DoC_CROPPED.mat","D - legacy, no metadata","ok","","155.189696","2024-09-28 16:36:16","v6/v7","whos -file","1","DATA_processed","","NaN","NaN","","NaN","NaN","NaN","NaN","NaN","0","0","0","NaN","0","","0","NaN","0","0","NaN","","","NaN","NaN","2.7864673","","","","","","","","","","","","","","","","","","","","","","","","N - not a force capture"
"6. FAST Ti-64 Rolled + Powder (Dennis)\4. Data\10-AA-MF-2023-3-31\croppedDataTest.mat","6. FAST Ti-64 Rolled + Powder (Dennis)\4. Data\10-AA-MF-2023-3-31","croppedDataTest.mat","D - legacy, no metadata","ok","","33.599263","2025-07-18 01:10:46","v6/v7","whos -file","1","dataCropped","","NaN","NaN","","NaN","NaN","NaN","NaN","NaN","0","0","0","NaN","0","","0","NaN","0","0","NaN","","","NaN","NaN","5.2174817","","","","","","","","","","","","","","","","","","","","","","","","N - not a force capture"
"6. FAST Ti-64 Rolled + Powder (Dennis)\7. Data for SRAS Nottingham University\SRAS Analysis\eccentricity\Digital_twin_proj_disc_D7_sras.mat","6. FAST Ti-64 Rolled + Powder (Dennis)\7. Data for SRAS Nottingham University\SRAS Analysis\eccentricity","Digital_twin_proj_disc_D7_sras.mat","D - legacy, no metadata","ok","","387.728365","2025-03-06 12:13:59","v6/v7","whos -file","9","delta_vel|eccen|eccen_Euler1|eccen_max_vel|eccen_min_vel|max_vel|mean_vel|min_vel|std_vel","","NaN","NaN","","NaN","NaN","NaN","NaN","NaN","0","0","0","NaN","0","","0","NaN","0","0","NaN","","","NaN","NaN","74.2723207","","","","","","","","","","","","","","","","","","","","","","","","N - not a force capture"
"6. FAST Ti-64 Rolled + Powder (Dennis)\7. Data for SRAS Nottingham University\SRAS Analysis\eccentricity\Digital_twin_proj_disc_D_sras.mat","6. FAST Ti-64 Rolled + Powder (Dennis)\7. Data for SRAS Nottingham University\SRAS Analysis\eccentricity","Digital_twin_proj_disc_D_sras.mat","D - legacy, no metadata","ok","","388.435307","2025-03-06 12:09:35","v6/v7","whos -file","9","delta_vel|eccen|eccen_Euler1|eccen_max_vel|eccen_min_vel|max_vel|mean_vel|min_vel|std_vel","","NaN","NaN","","NaN","NaN","NaN","NaN","NaN","0","0","0","NaN","0","","0","NaN","0","0","NaN","","","NaN","NaN","10.5083532","","","","","","","","","","","","","","","","","","","","","","","","N - not a force capture"
"6. FAST Ti-64 Rolled + Powder (Dennis)\7. Data for SRAS Nottingham University\SRAS Analysis\eccentricity\Star_logo_sras.mat","6. FAST Ti-64 Rolled + Powder (Dennis)\7. Data for SRAS Nottingham University\SRAS Analysis\eccentricity","Star_logo_sras.mat","D - legacy, no metadata","ok","","371.646992","2025-03-06 12:12:45","v6/v7","whos -file","9","delta_vel|eccen|eccen_Euler1|eccen_max_vel|eccen_min_vel|max_vel|mean_vel|min_vel|std_vel","","NaN","NaN","","NaN","NaN","NaN","NaN","NaN","0","0","0","NaN","0","","0","NaN","0","0","NaN","","","NaN","NaN","30.4859671","","","","","","","","","","","","","","","","","","","","","","","","N - not a force capture"
"6. FAST Ti-64 Rolled + Powder (Dennis)\7. Data for SRAS Nottingham University\SRAS Analysis\eccentricity\UD_rolled_control_sras.mat","6. FAST Ti-64 Rolled + Powder (Dennis)\7. Data for SRAS Nottingham University\SRAS Analysis\eccentricity","UD_rolled_control_sras.mat","D - legacy, no metadata","ok","","364.055607","2025-03-06 12:10:53","v6/v7","whos -file","9","delta_vel|eccen|eccen_Euler1|eccen_max_vel|eccen_min_vel|max_vel|mean_vel|min_vel|std_vel","","NaN","NaN","","NaN","NaN","NaN","NaN","NaN","0","0","0","NaN","0","","0","NaN","0","0","NaN","","","NaN","NaN","36.3638965","","","","","","","","","","","","","","","","","","","","","","","","N - not a force capture"
"6. FAST Ti-64 Rolled + Powder (Dennis)\7. Data for SRAS Nottingham University\SRAS Analysis\eccentricity\cubes_only_sras.mat","6. FAST Ti-64 Rolled + Powder (Dennis)\7. Data for SRAS Nottingham University\SRAS Analysis\eccentricity","cubes_only_sras.mat","D - legacy, no metadata","ok","","367.822295","2025-03-06 12:15:23","v6/v7","whos -file","9","delta_vel|eccen|eccen_Euler1|eccen_max_vel|eccen_min_vel|max_vel|mean_vel|min_vel|std_vel","","NaN","NaN","","NaN","NaN","NaN","NaN","NaN","0","0","0","NaN","0","","0","NaN","0","0","NaN","","","NaN","NaN","46.4946743","","","","","","","","","","","","","","","","","","","","","","","","N - not a force capture"
"6. FAST Ti-64 Rolled + Powder (Dennis)\7. Data for SRAS Nottingham University\SRAS Analysis\eccentricity\super_transus_A2_sras.mat","6. FAST Ti-64 Rolled + Powder (Dennis)\7. Data for SRAS Nottingham University\SRAS Analysis\eccentricity","super_transus_A2_sras.mat","D - legacy, no metadata","ok","","390.857391","2025-03-06 12:07:03","v6/v7","whos -file","9","delta_vel|eccen|eccen_Euler1|eccen_max_vel|eccen_min_vel|max_vel|mean_vel|min_vel|std_vel","","NaN","NaN","","NaN","NaN","NaN","NaN","NaN","0","0","0","NaN","0","","0","NaN","0","0","NaN","","","NaN","NaN","36.692","","","","","","","","","","","","","","","","","","","","","","","","N - not a force capture"
"6. FAST Ti-64 Rolled + Powder (Dennis)\8. Ultrasonic Testing RR\Converted\10-AA-MF - 15MHz - 63.5 WP.mat","6. FAST Ti-64 Rolled + Powder (Dennis)\8. Ultrasonic Testing RR\Converted","10-AA-MF - 15MHz - 63.5 WP.mat","D - legacy, no metadata","ok","","3.685761","2025-06-28 20:02:21","v7.3 (HDF5)","matfile (partial)","2","ToF|cube","","NaN","NaN","","NaN","NaN","NaN","NaN","NaN","0","0","0","NaN","0","","0","NaN","0","0","NaN","","","NaN","NaN","0.4721833","","","","","","","","","","","","","","","","","","","","","","","","N - not a force capture"
"6. FAST Ti-64 Rolled + Powder (Dennis)\8. Ultrasonic Testing RR\Converted\10-AA-MF - 5MHz - 156 WP .mat","6. FAST Ti-64 Rolled + Powder (Dennis)\8. Ultrasonic Testing RR\Converted","10-AA-MF - 5MHz - 156 WP .mat","D - legacy, no metadata","ok","","4.543876","2025-06-28 22:50:10","v7.3 (HDF5)","matfile (partial)","2","ToF|cube","","NaN","NaN","","NaN","NaN","NaN","NaN","NaN","0","0","0","NaN","0","","0","NaN","0","0","NaN","","","NaN","NaN","61.8721926","","","","","","","","","","","","","","","","","","","","","","","","N - not a force capture"
"6. FAST Ti-64 Rolled + Powder (Dennis)\8. Ultrasonic Testing RR\Converted\All 7 - 15Mhz - 63.5 WP.mat","6. FAST Ti-64 Rolled + Powder (Dennis)\8. Ultrasonic Testing RR\Converted","All 7 - 15Mhz - 63.5 WP.mat","D - legacy, no metadata","ok","","29.030691","2025-06-28 21:00:30","v7.3 (HDF5)","matfile (partial)","2","ToF|cube","","NaN","NaN","","NaN","NaN","NaN","NaN","NaN","0","0","0","NaN","0","","0","NaN","0","0","NaN","","","NaN","NaN","0.8061504","","","","","","","","","","","","","","","","","","","","","","","","N - not a force capture"
"6. FAST Ti-64 Rolled + Powder (Dennis)\8. Ultrasonic Testing RR\Converted\FBH facing wall, 10x10.mat","6. FAST Ti-64 Rolled + Powder (Dennis)\8. Ultrasonic Testing RR\Converted","FBH facing wall, 10x10.mat","D - legacy, no metadata","ok","","0.193886","2025-06-28 19:54:53","v7.3 (HDF5)","matfile (partial)","2","ToF|cube","","NaN","NaN","","NaN","NaN","NaN","NaN","NaN","0","0","0","NaN","0","","0","NaN","0","0","NaN","","","NaN","NaN","1.5959034","","","","","","","","","","","","","","","","","","","","","","","","N - not a force capture"
"10. FRF Matrix + Extra\3. Data\ITP Samples\101-AA-MF-2024-11-1\101-AA-MF-2024-11-1-F1-30MPM_0.1feed_0.1DoC.mat","10. FRF Matrix + Extra\3. Data\ITP Samples\101-AA-MF-2024-11-1","101-AA-MF-2024-11-1-F1-30MPM_0.1feed_0.1DoC.mat","X - inconsistent","ok","","189.592849","2024-12-11 22:40:45","v6/v7","whos -file","4","AmpSettings|DATA|VariableNames|metadata","DATA","2984960","10","double","238.7968","0.1","NaN","0.1","13","0","1","0","NaN","1","Time|Fx1|Fx2|Fy1|Fy2|Fz1|Fz2|Fz3|Fz4|Tacho (ai0)","1","113.382","1","0","2","SampleName|OpType|Operation|OperationType|TriggerTime|Rate|CutDiameter|SurfaceSpeed|MaxRPM|Notes|Feed|DepthOfCut|Insert|EdgeID|Machine|Tool|New_Edge|Swarf|SwarfID|Coolant|fileVersion","","NaN","45","17.523583","","","","","","","","","","","","","","","","","","","","","","struct{Devices,Gain}","struct{Device,DeviceIndex,Channels,MeasurementType,RateLim,VariableName}","X - inconsistent"
"10. FRF Matrix + Extra\3. Data\Josh Samples\112-AD-ME-2024-11-21-F3-30MPM_0.1feed_0.2DoC.mat","10. FRF Matrix + Extra\3. Data\Josh Samples","112-AD-ME-2024-11-21-F3-30MPM_0.1feed_0.2DoC.mat","X - inconsistent","ok","","193.796407","2024-12-05 21:07:48","v6/v7","whos -file","3","DATA|VariableNames|metadata","DATA","3008000","10","double","240.64","0.1","NaN","0.1","13","0","1","0","NaN","1","Time|Fx|Fy|Fz|Fx1|Fx2|Fy1|Fy2|Fz1|Fz2","0","NaN","1","0","18","Operation|OperationType|EdgeID|SwarfID|fileVersion","","25600","50","2.6479548","112-AD-ME-2024-11-25","VC","","","2024-12-05T15:51:26.316Z","25600","80","30","2000","Roughing pass","0.1","0.2","CNMG 12 04 08-SM H13A","","NLX-2500 | 700","QS-PCLNL 2525-12C","false","false","","0","","struct{Devices,Gain}","struct{Device,DeviceIndex,Channels,MeasurementType,RateLim,VariableName}","V - truncated (no tacho)"
"2. FAST Ti-64 Digital Twin Project\2. Cutting Force Data\NLX2500_FFA_Matlab\FAST Ti-64 80MM\Ti-64 Sample B2\Disc_B2.mat","2. FAST Ti-64 Digital Twin Project\2. Cutting Force Data\NLX2500_FFA_Matlab\FAST Ti-64 80MM\Ti-64 Sample B2","Disc_B2.mat","X - inconsistent","ok","","74.383508","2023-07-17 19:21:01","v6/v7","whos -file","1","data","data","2601480","5","double","104.0592","0.5","NaN","0.5","9","0","1","0","NaN","0","","0","NaN","0","0","NaN","","","NaN","NaN","51.5411685","","","","","","","","","","","","","","","","","","","","","","","","N - not a force capture"
"2. FAST Ti-64 Digital Twin Project\4. Processed Data\Disc B2\ExtractedGrains.mat","2. FAST Ti-64 Digital Twin Project\4. Processed Data\Disc B2","ExtractedGrains.mat","X - inconsistent","ok","","270.371118","2023-03-16 19:57:20","v6/v7","whos -file","1","data","data","1","1","struct","3.648867","0.5","NaN","0.5","9","0","1","0","NaN","0","","0","NaN","0","0","NaN","","","NaN","NaN","57.3473886","","","","","","","","","","","","","","","","","","","","","","","","N - not a force capture"
"6. FAST Ti-64 Rolled + Powder (Dennis)\6. Tap Test\Matlab files\tap test X.mat","6. FAST Ti-64 Rolled + Powder (Dennis)\6. Tap Test\Matlab files","tap test X.mat","X - inconsistent","ok","","9.756675","2024-09-28 16:35:46","v7.3 (HDF5)","matfile (partial)","3","data|metadata|timestamps","data","340480","8","double","21.79072","0.5","NaN","0.5","9","0","1","1","340480","0","","0","NaN","1","0","16","OpType|Operation|OperationType|EdgeID|SwarfID|fileVersion|Stream1","","25600","10","54.0122059","tap test X","","","","2023-10-26 14:20:49","25600","80","30","1000","","0.1","0.1","","","","","false","false","","30.23","","struct{Devices,Gain}","","N - not a force capture"
"6. FAST Ti-64 Rolled + Powder (Dennis)\6. Tap Test\Matlab files\tap test Y.mat","6. FAST Ti-64 Rolled + Powder (Dennis)\6. Tap Test\Matlab files","tap test Y.mat","X - inconsistent","ok","","8.664517","2024-09-28 16:35:44","v7.3 (HDF5)","matfile (partial)","3","data|metadata|timestamps","data","322560","8","double","20.64384","0.5","NaN","0.5","9","0","1","1","322560","0","","0","NaN","1","0","16","OpType|Operation|OperationType|EdgeID|SwarfID|fileVersion|Stream1","","25600","10","64.3642668","tap test Y","","","","2023-10-26 14:20:12","25600","80","30","1000","","0.1","0.1","","","","","false","false","","30.23","","struct{Devices,Gain}","","N - not a force capture"
"6. FAST Ti-64 Rolled + Powder (Dennis)\6. Tap Test\Matlab files\tap test Z.mat","6. FAST Ti-64 Rolled + Powder (Dennis)\6. Tap Test\Matlab files","tap test Z.mat","X - inconsistent","ok","","21.865767","2024-09-28 16:35:47","v7.3 (HDF5)","matfile (partial)","3","data|metadata|timestamps","data","785920","8","double","50.29888","0.5","NaN","0.5","9","0","1","1","785920","0","","0","NaN","1","0","16","OpType|Operation|OperationType|EdgeID|SwarfID|fileVersion|Stream1","","25600","10","2.329128","tap test X","","","","2023-10-26 14:21:29","25600","80","30","1000","","0.1","0.1","","","","","false","false","","30.23","","struct{Devices,Gain}","","N - not a force capture"
"6. FAST Ti-64 Rolled + Powder (Dennis)\6. Tap Test\Matlab files\tap test chuck 1.mat","6. FAST Ti-64 Rolled + Powder (Dennis)\6. Tap Test\Matlab files","tap test chuck 1.mat","X - inconsistent","ok","","4.752592","2024-09-28 16:35:48","v7.3 (HDF5)","matfile (partial)","3","data|metadata|timestamps","data","179200","8","double","11.4688","0.5","NaN","0.5","9","0","1","1","179200","0","","0","NaN","1","0","16","OpType|Operation|OperationType|EdgeID|SwarfID|fileVersion|Stream1","","25600","10","58.253861","tap test chuck","","","","2023-10-26 15:02:35","25600","80","30","1000","","0.1","0.1","","","","","false","false","","30.23","","struct{Devices,Gain}","","N - not a force capture"
"6. FAST Ti-64 Rolled + Powder (Dennis)\6. Tap Test\Matlab files\tool changer.mat","6. FAST Ti-64 Rolled + Powder (Dennis)\6. Tap Test\Matlab files","tool changer.mat","X - inconsistent","ok","","11.957794","2024-09-28 16:35:50","v7.3 (HDF5)","matfile (partial)","3","data|metadata|timestamps","data","442880","8","double","28.34432","0.5","NaN","0.5","9","0","1","1","442880","0","","0","NaN","1","0","16","OpType|Operation|OperationType|EdgeID|SwarfID|fileVersion|Stream1","","25600","10","35.1329142","tap test chuck","","","","2023-10-26 15:04:04","25600","80","30","1000","","0.1","0.1","","","","","false","false","","30.23","","struct{Devices,Gain}","","N - not a force capture"
"9. Ti-17 + Pizza Trials (Dillon)\2. Data\6-AA-MF-2023-3-23-F5_30MPM_0.1feed.mat","9. Ti-17 + Pizza Trials (Dillon)\2. Data","6-AA-MF-2023-3-23-F5_30MPM_0.1feed.mat","X - inconsistent","ok","","391.091178","2024-09-28 16:39:46","v6/v7","whos -file","3","DATA|VariableNames|metadata","DATA","6169600","10","double","493.568","0.1","NaN","0.1","13","0","1","0","NaN","1","Time|Fx|Fy|Fz|Fx1|Fx2|Fy1|Fy2|Fz1|Fz2","0","NaN","1","0","18","Operation|OperationType|EdgeID|SwarfID|fileVersion","","25600","100","40.0250563","6-AA-MF-2023-3-23","VC","","","2024-07-31T13:57:13.084Z","25600","80","30","1000","","0.1","1","VNMG150604-MF1 890 (A41)","","NLX-2500 | 700","DDJNL2525X15JETI","false","false","","0","","struct{Devices,Gain}","struct{Device,DeviceIndex,Channels,MeasurementType,RateLim,VariableName}","V - truncated (no tacho)"
"9. Ti-17 + Pizza Trials (Dillon)\2. Data\6-AA-MF-2023-3-23-F6_30MPM_0.1feed.mat","9. Ti-17 + Pizza Trials (Dillon)\2. Data","6-AA-MF-2023-3-23-F6_30MPM_0.1feed.mat","X - inconsistent","ok","","400.346321","2024-09-28 16:39:45","v6/v7","whos -file","3","DATA|VariableNames|metadata","DATA","6243840","10","double","499.5072","0.1","NaN","0.1","13","0","1","0","NaN","1","Time|Fx|Fy|Fz|Fx1|Fx2|Fy1|Fy2|Fz1|Fz2","0","NaN","1","0","18","Operation|OperationType|EdgeID|SwarfID|fileVersion","","25600","100","21.9056775","6-AA-MF-2023-3-23","VC","","","2024-07-31T14:06:26.910Z","25600","80","30","1000","","0.1","0.5","VNMG150604-MF1 890 (A41)","","NLX-2500 | 700","DDJNL2525X15JETI","false","false","","0","","struct{Devices,Gain}","struct{Device,DeviceIndex,Channels,MeasurementType,RateLim,VariableName}","V - truncated (no tacho)"
"9. Ti-17 + Pizza Trials (Dillon)\2. Data\Hammer-Y.mat","9. Ti-17 + Pizza Trials (Dillon)\2. Data","Hammer-Y.mat","X - inconsistent","ok","","77.173351","2024-09-28 16:39:36","v6/v7","whos -file","3","DATA|VariableNames|metadata","DATA","1146880","10","double","91.7504","0.1","NaN","0.1","13","0","1","0","NaN","1","Time|Fx|Fy|Fz|Fx1|Fx2|Fy1|Fy2|Fz1|Fz2","0","NaN","1","0","18","Operation|OperationType|EdgeID|SwarfID|fileVersion","","25600","10","27.5781887","Hammer-Y","","","","2024-08-01T09:42:46.939Z","25600","80","30","1000","","0.1","0.1","CCMT 09 T3 08-MF S205","","NLX-2500 | 700","DDJNL2525X15JETI","false","false","","0","","struct{Devices,Gain}","struct{Device,DeviceIndex,Channels,MeasurementType,RateLim,VariableName}","V - truncated (no tacho)"
"9. Ti-17 + Pizza Trials (Dillon)\2. Data\Hammer1_Feed_0.1_Vc_30MPM.mat","9. Ti-17 + Pizza Trials (Dillon)\2. Data","Hammer1_Feed_0.1_Vc_30MPM.mat","X - inconsistent","ok","","98.743806","2024-09-28 16:39:35","v6/v7","whos -file","3","DATA|VariableNames|metadata","DATA","1474560","10","double","117.9648","0.1","NaN","0.1","13","0","1","0","NaN","1","Time|Fx|Fy|Fz|Fx1|Fx2|Fy1|Fy2|Fz1|Fz2","0","NaN","1","0","18","Operation|OperationType|EdgeID|SwarfID|fileVersion","","25600","10","22.6639756","2-AA-MF-2023-3-23","","","","2024-08-01T09:12:39.033Z","25600","80","30","1000","","0.1","0.1","CCMT 09 T3 08-MF S205","","NLX-2500 | 700","DDJNL2525X15JETI","false","false","","0","","struct{Devices,Gain}","struct{Device,DeviceIndex,Channels,MeasurementType,RateLim,VariableName}","V - truncated (no tacho)"
"9. Ti-17 + Pizza Trials (Dillon)\2. Data\HammerX.mat","9. Ti-17 + Pizza Trials (Dillon)\2. Data","HammerX.mat","X - inconsistent","ok","","85.489931","2024-09-28 16:39:39","v6/v7","whos -file","3","DATA|VariableNames|metadata","DATA","1272320","10","double","101.7856","0.1","NaN","0.1","13","0","1","0","NaN","1","Time|Fx|Fy|Fz|Fx1|Fx2|Fy1|Fy2|Fz1|Fz2","0","NaN","1","0","18","Operation|OperationType|EdgeID|SwarfID|fileVersion","","25600","10","31.9395203","HammerX","","","","2024-08-01T09:47:17.672Z","25600","80","30","1000","","0.1","0.1","CCMT 09 T3 08-MF S205","","NLX-2500 | 700","DDJNL2525X15JETI","false","false","","0","","struct{Devices,Gain}","struct{Device,DeviceIndex,Channels,MeasurementType,RateLim,VariableName}","V - truncated (no tacho)"
"9. Ti-17 + Pizza Trials (Dillon)\2. Data\HammerZ.mat","9. Ti-17 + Pizza Trials (Dillon)\2. Data","HammerZ.mat","X - inconsistent","ok","","86.392594","2024-09-28 16:39:37","v6/v7","whos -file","3","DATA|VariableNames|metadata","DATA","1285120","10","double","102.8096","0.1","NaN","0.1","13","0","1","0","NaN","1","Time|Fx|Fy|Fz|Fx1|Fx2|Fy1|Fy2|Fz1|Fz2","0","NaN","1","0","18","Operation|OperationType|EdgeID|SwarfID|fileVersion","","25600","10","22.3245128","HammerZ","","","","2024-08-01T09:45:02.000Z","25600","80","30","1000","","0.1","0.1","CCMT 09 T3 08-MF S205","","NLX-2500 | 700","DDJNL2525X15JETI","false","false","","0","","struct{Devices,Gain}","struct{Device,DeviceIndex,Channels,MeasurementType,RateLim,VariableName}","V - truncated (no tacho)"
"9. Ti-17 + Pizza Trials (Dillon)\2. Data\Steel-Y.mat","9. Ti-17 + Pizza Trials (Dillon)\2. Data","Steel-Y.mat","X - inconsistent","ok","","97.146521","2024-09-28 16:39:40","v6/v7","whos -file","3","DATA|VariableNames|metadata","DATA","1474560","10","double","117.9648","0.1","NaN","0.1","13","0","1","0","NaN","1","Time|Fx|Fy|Fz|Fx1|Fx2|Fy1|Fy2|Fz1|Fz2","0","NaN","1","0","18","Operation|OperationType|EdgeID|SwarfID|fileVersion","","25600","10","32.5917608","Steel-Y","","","","2024-08-01T09:49:25.843Z","25600","80","30","1000","","0.1","0.1","CCMT 09 T3 08-MF S205","","NLX-2500 | 700","DDJNL2525X15JETI","false","false","","0","","struct{Devices,Gain}","struct{Device,DeviceIndex,Channels,MeasurementType,RateLim,VariableName}","V - truncated (no tacho)"
"9. Ti-17 + Pizza Trials (Dillon)\2. Data\SteelX.mat","9. Ti-17 + Pizza Trials (Dillon)\2. Data","SteelX.mat","X - inconsistent","ok","","92.540408","2024-09-28 16:39:42","v6/v7","whos -file","3","DATA|VariableNames|metadata","DATA","1374720","10","double","109.9776","0.1","NaN","0.1","13","0","1","0","NaN","1","Time|Fx|Fy|Fz|Fx1|Fx2|Fy1|Fy2|Fz1|Fz2","0","NaN","1","0","18","Operation|OperationType|EdgeID|SwarfID|fileVersion","","25600","10","22.1913742","SteelX","","","","2024-08-01T09:52:32.664Z","25600","80","30","1000","","0.1","0.1","CCMT 09 T3 08-MF S205","","NLX-2500 | 700","DDJNL2525X15JETI","false","false","","0","","struct{Devices,Gain}","struct{Device,DeviceIndex,Channels,MeasurementType,RateLim,VariableName}","V - truncated (no tacho)"
"9. Ti-17 + Pizza Trials (Dillon)\2. Data\SteelZ.mat","9. Ti-17 + Pizza Trials (Dillon)\2. Data","SteelZ.mat","X - inconsistent","ok","","105.334438","2024-09-28 16:39:41","v6/v7","whos -file","3","DATA|VariableNames|metadata","DATA","1566720","10","double","125.3376","0.1","NaN","0.1","13","0","1","0","NaN","1","Time|Fx|Fy|Fz|Fx1|Fx2|Fy1|Fy2|Fz1|Fz2","0","NaN","1","0","18","Operation|OperationType|EdgeID|SwarfID|fileVersion","","25600","10","31.4682643","SteelZ","","","","2024-08-01T09:51:06.158Z","25600","80","30","1000","","0.1","0.1","CCMT 09 T3 08-MF S205","","NLX-2500 | 700","DDJNL2525X15JETI","false","false","","0","","struct{Devices,Gain}","struct{Device,DeviceIndex,Channels,MeasurementType,RateLim,VariableName}","V - truncated (no tacho)"
"9. Ti-17 + Pizza Trials (Dillon)\4. Tap Test\Nylon_X.mat","9. Ti-17 + Pizza Trials (Dillon)\4. Tap Test","Nylon_X.mat","X - inconsistent","ok","","85.489931","2024-09-28 16:38:13","v6/v7","whos -file","3","DATA|VariableNames|metadata","DATA","1272320","10","double","101.7856","0.1","NaN","0.1","13","0","1","0","NaN","1","Time|Fx|Fy|Fz|Fx1|Fx2|Fy1|Fy2|Fz1|Fz2","0","NaN","1","0","18","Operation|OperationType|EdgeID|SwarfID|fileVersion","","25600","10","1.179605","HammerX","","","","2024-08-01T09:47:17.672Z","25600","80","30","1000","","0.1","0.1","CCMT 09 T3 08-MF S205","","NLX-2500 | 700","DDJNL2525X15JETI","false","false","","0","","struct{Devices,Gain}","struct{Device,DeviceIndex,Channels,MeasurementType,RateLim,VariableName}","V - truncated (no tacho)"
"9. Ti-17 + Pizza Trials (Dillon)\4. Tap Test\Nylon_Y.mat","9. Ti-17 + Pizza Trials (Dillon)\4. Tap Test","Nylon_Y.mat","X - inconsistent","ok","","77.173351","2024-09-28 16:38:15","v6/v7","whos -file","3","DATA|VariableNames|metadata","DATA","1146880","10","double","91.7504","0.1","NaN","0.1","13","0","1","0","NaN","1","Time|Fx|Fy|Fz|Fx1|Fx2|Fy1|Fy2|Fz1|Fz2","0","NaN","1","0","18","Operation|OperationType|EdgeID|SwarfID|fileVersion","","25600","10","1.0964171","Hammer-Y","","","","2024-08-01T09:42:46.939Z","25600","80","30","1000","","0.1","0.1","CCMT 09 T3 08-MF S205","","NLX-2500 | 700","DDJNL2525X15JETI","false","false","","0","","struct{Devices,Gain}","struct{Device,DeviceIndex,Channels,MeasurementType,RateLim,VariableName}","V - truncated (no tacho)"
"9. Ti-17 + Pizza Trials (Dillon)\4. Tap Test\Nylon_Z.mat","9. Ti-17 + Pizza Trials (Dillon)\4. Tap Test","Nylon_Z.mat","X - inconsistent","ok","","86.392594","2024-09-28 16:38:20","v6/v7","whos -file","3","DATA|VariableNames|metadata","DATA","1285120","10","double","102.8096","0.1","NaN","0.1","13","0","1","0","NaN","1","Time|Fx|Fy|Fz|Fx1|Fx2|Fy1|Fy2|Fz1|Fz2","0","NaN","1","0","18","Operation|OperationType|EdgeID|SwarfID|fileVersion","","25600","10","22.3409332","HammerZ","","","","2024-08-01T09:45:02.000Z","25600","80","30","1000","","0.1","0.1","CCMT 09 T3 08-MF S205","","NLX-2500 | 700","DDJNL2525X15JETI","false","false","","0","","struct{Devices,Gain}","struct{Device,DeviceIndex,Channels,MeasurementType,RateLim,VariableName}","V - truncated (no tacho)"
"9. Ti-17 + Pizza Trials (Dillon)\4. Tap Test\Steel_X.mat","9. Ti-17 + Pizza Trials (Dillon)\4. Tap Test","Steel_X.mat","X - inconsistent","ok","","92.540408","2024-09-28 16:38:17","v6/v7","whos -file","3","DATA|VariableNames|metadata","DATA","1374720","10","double","109.9776","0.1","NaN","0.1","13","0","1","0","NaN","1","Time|Fx|Fy|Fz|Fx1|Fx2|Fy1|Fy2|Fz1|Fz2","0","NaN","1","0","18","Operation|OperationType|EdgeID|SwarfID|fileVersion","","25600","10","8.7645855","SteelX","","","","2024-08-01T09:52:32.664Z","25600","80","30","1000","","0.1","0.1","CCMT 09 T3 08-MF S205","","NLX-2500 | 700","DDJNL2525X15JETI","false","false","","0","","struct{Devices,Gain}","struct{Device,DeviceIndex,Channels,MeasurementType,RateLim,VariableName}","V - truncated (no tacho)"
"9. Ti-17 + Pizza Trials (Dillon)\4. Tap Test\Steel_Y.mat","9. Ti-17 + Pizza Trials (Dillon)\4. Tap Test","Steel_Y.mat","X - inconsistent","ok","","97.146521","2024-09-28 16:38:16","v6/v7","whos -file","3","DATA|VariableNames|metadata","DATA","1474560","10","double","117.9648","0.1","NaN","0.1","13","0","1","0","NaN","1","Time|Fx|Fy|Fz|Fx1|Fx2|Fy1|Fy2|Fz1|Fz2","0","NaN","1","0","18","Operation|OperationType|EdgeID|SwarfID|fileVersion","","25600","10","23.693593","Steel-Y","","","","2024-08-01T09:49:25.843Z","25600","80","30","1000","","0.1","0.1","CCMT 09 T3 08-MF S205","","NLX-2500 | 700","DDJNL2525X15JETI","false","false","","0","","struct{Devices,Gain}","struct{Device,DeviceIndex,Channels,MeasurementType,RateLim,VariableName}","V - truncated (no tacho)"
"9. Ti-17 + Pizza Trials (Dillon)\4. Tap Test\Steel_Z.mat","9. Ti-17 + Pizza Trials (Dillon)\4. Tap Test","Steel_Z.mat","X - inconsistent","ok","","105.334438","2024-09-28 16:38:19","v6/v7","whos -file","3","DATA|VariableNames|metadata","DATA","1566720","10","double","125.3376","0.1","NaN","0.1","13","0","1","0","NaN","1","Time|Fx|Fy|Fz|Fx1|Fx2|Fy1|Fy2|Fz1|Fz2","0","NaN","1","0","18","Operation|OperationType|EdgeID|SwarfID|fileVersion","","25600","10","27.7608353","SteelZ","","","","2024-08-01T09:51:06.158Z","25600","80","30","1000","","0.1","0.1","CCMT 09 T3 08-MF S205","","NLX-2500 | 700","DDJNL2525X15JETI","false","false","","0","","struct{Devices,Gain}","struct{Device,DeviceIndex,Channels,MeasurementType,RateLim,VariableName}","V - truncated (no tacho)"
"9. Ti-17 + Pizza Trials (Dillon)\Hammer1_Feed_0.1_Vc_30MPM.mat","9. Ti-17 + Pizza Trials (Dillon)","Hammer1_Feed_0.1_Vc_30MPM.mat","X - inconsistent","ok","","98.743806","2024-09-28 16:38:12","v6/v7","whos -file","3","DATA|VariableNames|metadata","DATA","1474560","10","double","117.9648","0.1","NaN","0.1","13","0","1","0","NaN","1","Time|Fx|Fy|Fz|Fx1|Fx2|Fy1|Fy2|Fz1|Fz2","0","NaN","1","0","18","Operation|OperationType|EdgeID|SwarfID|fileVersion","","25600","10","7.0111978","2-AA-MF-2023-3-23","","","","2024-08-01T09:12:39.033Z","25600","80","30","1000","","0.1","0.1","CCMT 09 T3 08-MF S205","","NLX-2500 | 700","DDJNL2525X15JETI","false","false","","0","","struct{Devices,Gain}","struct{Device,DeviceIndex,Channels,MeasurementType,RateLim,VariableName}","V - truncated (no tacho)"
